--Mengxiao Zhang--
--Data collected from https://en.wikipedia.org/wiki/List_of_second-generation_NBA_players and https://www.basketball-reference.com/--

--DROP TABLES--
DROP TABLE ROSTER_T;
DROP TABLE TEAM_T;
DROP TABLE COLLEGE_T;
DROP TABLE POSITION_T;
DROP TABLE PLAYER_T;

--CREATE TABLES--
CREATE TABLE PLAYER_T (
    PlayerID VARCHAR2(10) NOT NULL,
    FirstName VARCHAR2(50) NOT NULL,
    LastName VARCHAR2(50) NOT NULL,
    Birth DATE NOT NULL,
    Death DATE,
    Country VARCHAR2(50) NOT NULL,
    Height NUMBER(3,0) NOT NULL,
    Weight NUMBER(3,0) NOT NULL,
    Shooting VARCHAR2(10) NOT NULL CHECK (Shooting IN ('Right','Left')),
    HOF NUMBER(1,0) NOT NULL CHECK (HOF IN (1,0)),
    Games NUMBER(4,0) NOT NULL,
    Points NUMBER(5,0) NOT NULL,
    FatherID VARCHAR2(10),
    CONSTRAINT PLAYER_T_PK PRIMARY KEY (PlayerID),
    CONSTRAINT PLAYER_T_FK FOREIGN KEY (FatherID) REFERENCES PLAYER_T (PlayerID)
);

CREATE TABLE POSITION_T (
    PlayerID VARCHAR2(10) NOT NULL,
    Position VARCHAR2(50) NOT NULL,
    CONSTRAINT POSITION_T_PK PRIMARY KEY (PlayerID, Position),
    CONSTRAINT POSITION_T_FK FOREIGN KEY (PlayerID) REFERENCES PLAYER_T (PlayerID)
);

CREATE TABLE COLLEGE_T (
    PlayerID VARCHAR2(10) NOT NULL,
    College VARCHAR2(100) NOT NULL,
    CONSTRAINT COLLEGE_T_PK PRIMARY KEY (PlayerID, College),
    CONSTRAINT COLLEGE_T_FK FOREIGN KEY (PlayerID) REFERENCES PLAYER_T (PlayerID)
);

CREATE TABLE TEAM_T (
    TeamID CHAR(3) NOT NULL,
    Team VARCHAR2(50) NOT NULL,
    League CHAR(3) NOT NULL,
    CONSTRAINT TEAM_T_PK PRIMARY KEY (TeamID)
);

CREATE TABLE ROSTER_T (
    RosterID NUMBER(4,0) NOT NULL,
    PlayerID VARCHAR2(10) NOT NULL,
    TeamID CHAR(3) NOT NULL,
    Season CHAR(7) NOT NULL,
    Jersey NUMBER(2,0) NOT NULL,
    Salary NUMBER(*,0),
    CONSTRAINT ROSTER_T_PK PRIMARY KEY (RosterID),
    CONSTRAINT ROSTER_T_FK1 FOREIGN KEY (PlayerID) REFERENCES PLAYER_T (PlayerID),
    CONSTRAINT ROSTER_T_FK2 FOREIGN KEY (TeamID) REFERENCES TEAM_T (TeamID)
);

--INSERT DATA--
INSERT INTO PLAYER_T (PlayerID, FirstName, LastName, Birth, Death, Country, Height, Weight, Shooting, HOF, Games, Points) VALUES ('maravpr01','Press','Maravich','08/29/1915','04/15/1987','United States',183,83,'Right',0,51,235);
INSERT INTO PLAYER_T (PlayerID, FirstName, LastName, Birth, Death, Country, Height, Weight, Shooting, HOF, Games, Points) VALUES ('guokama01','Matt','Guokas','11/11/1915','12/09/1993','United States',190,88,'Right',0,47,80);
INSERT INTO PLAYER_T (PlayerID, FirstName, LastName, Birth, Death, Country, Height, Weight, Shooting, HOF, Games, Points) VALUES ('vanbrbu01','Butch','van Breda Kolff','10/28/1922','08/22/2007','United States',190,83,'Right',0,175,823);
INSERT INTO PLAYER_T (PlayerID, FirstName, LastName, Birth, Death, Country, Height, Weight, Shooting, HOF, Games, Points) VALUES ('mikange01','George','Mikan','06/18/1924','06/01/2005','United States',208,111,'Right',1,439,10141);
INSERT INTO PLAYER_T (PlayerID, FirstName, LastName, Birth, Death, Country, Height, Weight, Shooting, HOF, Games, Points) VALUES ('schaydo01','Dolph','Schayes','05/19/1928','12/10/2015','United States',203,99,'Right',1,996,18426);
INSERT INTO PLAYER_T (PlayerID, FirstName, LastName, Birth, Death, Country, Height, Weight, Shooting, HOF, Games, Points) VALUES ('mcguial01','Al','McGuire','09/07/1928','01/26/2001','United States',188,81,'Right',0,191,764);
INSERT INTO PLAYER_T (PlayerID, FirstName, LastName, Birth, Death, Country, Height, Weight, Shooting, HOF, Games, Points) VALUES ('vandeer01','Ernie','Vandeweghe','09/12/1928','11/08/2014','United States',190,88,'Right',0,224,2128);
INSERT INTO PLAYER_T (PlayerID, FirstName, LastName, Birth, Death, Country, Height, Weight, Shooting, HOF, Games, Points) VALUES ('paxsoji01','Jim','Paxson','12/19/1932','10/28/2014','United States',198,90,'Right',0,138,1104);
INSERT INTO PLAYER_T (PlayerID, FirstName, LastName, Birth, Death, Country, Height, Weight, Shooting, HOF, Games, Points) VALUES ('ferrybo01','Bob','Ferry','05/31/1937','10/27/2021','United States',203,104,'Right',0,634,5769);
INSERT INTO PLAYER_T (PlayerID, FirstName, LastName, Birth, Death, Country, Height, Weight, Shooting, HOF, Games, Points) VALUES ('ellisle01','Leroy','Ellis','03/10/1940','06/02/2012','United States',208,95,'Right',0,1048,10166);
INSERT INTO PLAYER_T (PlayerID, FirstName, LastName, Birth, Country, Height, Weight, Shooting, HOF, Games, Points) VALUES ('joneswa02','Wali','Jones','02/14/1942','United States',188,81,'Right',0,678,6644);
INSERT INTO PLAYER_T (PlayerID, FirstName, LastName, Birth, Death, Country, Height, Weight, Shooting, HOF, Games, Points) VALUES ('mannied01','Ed','Manning','01/02/1944','03/04/2011','United States',201,95,'Right',0,604,3564);
INSERT INTO PLAYER_T (PlayerID, FirstName, LastName, Birth, Country, Height, Weight, Shooting, HOF, Games, Points, FatherID) VALUES ('guokama02','Matt','Guokas','02/25/1944','United States',196,79,'Right',0,735,4263,'guokama01');
INSERT INTO PLAYER_T (PlayerID, FirstName, LastName, Birth, Country, Height, Weight, Shooting, HOF, Games, Points) VALUES ('barryri01','Rick','Barry','03/28/1944','United States',201,92,'Right',1,1020,25296);
INSERT INTO PLAYER_T (PlayerID, FirstName, LastName, Birth, Death, Country, Height, Weight, Shooting, HOF, Games, Points) VALUES ('walkeji01','Jimmy','Walker','04/08/1944','07/02/2007','United States',190,88,'Right',0,698,11657);
INSERT INTO PLAYER_T (PlayerID, FirstName, LastName, Birth, Death, Country, Height, Weight, Shooting, HOF, Games, Points) VALUES ('dumasri01','Rich','Dumas','04/21/1944','11/19/2001','United States',190,77,'Right',0,1,2);
INSERT INTO PLAYER_T (PlayerID, FirstName, LastName, Birth, Country, Height, Weight, Shooting, HOF, Games, Points) VALUES ('salvaal01','Al','Salvadori','05/06/1945','United States',206,99,'Right',0,17,54);
INSERT INTO PLAYER_T (PlayerID, FirstName, LastName, Birth, Country, Height, Weight, Shooting, HOF, Games, Points) VALUES ('piatkwa01','Walt','Piatkowski','06/11/1945','United States',203,99,'Right',0,157,1460);
INSERT INTO PLAYER_T (PlayerID, FirstName, LastName, Birth, Country, Height, Weight, Shooting, HOF, Games, Points) VALUES ('chapmwa01','Wayne','Chapman','06/15/1945','United States',198,86,'Right',0,206,1442);
INSERT INTO PLAYER_T (PlayerID, FirstName, LastName, Birth, Country, Height, Weight, Shooting, HOF, Games, Points) VALUES ('higgiea01','Earle','Higgins','12/30/1946','United States',203,88,'Right',0,53,233);
INSERT INTO PLAYER_T (PlayerID, FirstName, LastName, Birth, Country, Height, Weight, Shooting, HOF, Games, Points) VALUES ('garredi01','Dick','Garrett','01/31/1947','United States',190,83,'Right',0,339,3492);
INSERT INTO PLAYER_T VALUES ('maravpe01','Pete','Maravich','06/22/1947','01/05/1988','United States',196,89,'Right',1,658,15924,'maravpr01');
INSERT INTO PLAYER_T (PlayerID, FirstName, LastName, Birth, Country, Height, Weight, Shooting, HOF, Games, Points, FatherID) VALUES ('mikanla01','Larry','Mikan','04/08/1948','United States',201,95,'Right',0,53,159,'mikange01');
INSERT INTO PLAYER_T (PlayerID, FirstName, LastName, Birth, Country, Height, Weight, Shooting, HOF, Games, Points) VALUES ('perrycu01','Curtis','Perry','09/13/1948','United States',201,99,'Right',0,480,4560);
INSERT INTO PLAYER_T (PlayerID, FirstName, LastName, Birth, Country, Height, Weight, Shooting, HOF, Games, Points) VALUES ('silasja01','James','Silas','02/11/1949','United States',185,81,'Right',0,685,11029);
INSERT INTO PLAYER_T (PlayerID, FirstName, LastName, Birth, Country, Height, Weight, Shooting, HOF, Games, Points) VALUES ('lovest01','Stan','Love','04/09/1949','United States',206,97,'Right',0,239,1577);
INSERT INTO PLAYER_T (PlayerID, FirstName, LastName, Birth, Country, Height, Weight, Shooting, HOF, Games, Points) VALUES ('szczewa01','Walt','Szczerbiak','08/21/1949','United States',198,95,'Right',0,53,334);
INSERT INTO PLAYER_T (PlayerID, FirstName, LastName, Birth, Country, Height, Weight, Shooting, HOF, Games, Points) VALUES ('bibbyhe01','Henry','Bibby','11/24/1949','United States',185,83,'Right',0,675,5805);
INSERT INTO PLAYER_T (PlayerID, FirstName, LastName, Birth, Country, Height, Weight, Shooting, HOF, Games, Points) VALUES ('karlge01','George','Karl','05/12/1951','United States',188,86,'Right',0,264,1716);
INSERT INTO PLAYER_T (PlayerID, FirstName, LastName, Birth, Country, Height, Weight, Shooting, HOF, Games, Points, FatherID) VALUES ('mcguial02','Allie','McGuire','07/10/1951','United States',190,79,'Right',0,2,4,'mcguial01');
INSERT INTO PLAYER_T (PlayerID, FirstName, LastName, Birth, Country, Height, Weight, Shooting, HOF, Games, Points, FatherID) VALUES ('vanbrja01','Jan','van Breda Kolff','12/16/1951','United States',201,88,'Right',0,598,3708,'vanbrbu01');
INSERT INTO PLAYER_T (PlayerID, FirstName, LastName, Birth, Country, Height, Weight, Shooting, HOF, Games, Points) VALUES ('vaughda01','David','Vaughn','06/04/1952','United States',211,99,'Right',0,93,995);
INSERT INTO PLAYER_T (PlayerID, FirstName, LastName, Birth, Death, Country, Height, Weight, Shooting, HOF, Games, Points) VALUES ('waltobi01','Bill','Walton','11/05/1952','05/27/2024','United States',211,95,'Right',1,468,6224);
INSERT INTO PLAYER_T (PlayerID, FirstName, LastName, Birth, Country, Height, Weight, Shooting, HOF, Games, Points) VALUES ('templco01','Collis','Temple','11/08/1952','United States',203,99,'Right',0,24,43);
INSERT INTO PLAYER_T (PlayerID, FirstName, LastName, Birth, Country, Height, Weight, Shooting, HOF, Games, Points) VALUES ('lucasjo01','John','Lucas','10/31/1953','United States',190,79,'Left',0,928,9930);
INSERT INTO PLAYER_T (PlayerID, FirstName, LastName, Birth, Country, Height, Weight, Shooting, HOF, Games, Points) VALUES ('maysc01','Scott','May','03/19/1954','United States',201,97,'Right',0,355,3692);
INSERT INTO PLAYER_T (PlayerID, FirstName, LastName, Birth, Country, Height, Weight, Shooting, HOF, Games, Points) VALUES ('dunlemi01','Mike','Dunleavy','03/21/1954','United States',190,81,'Right',0,438,3504);
INSERT INTO PLAYER_T (PlayerID, FirstName, LastName, Birth, Death, Country, Height, Weight, Shooting, HOF, Games, Points) VALUES ('bryanjo01','Joe','Bryant','10/19/1954','07/15/2024','United States',206,83,'Right',0,606,5272);
INSERT INTO PLAYER_T (PlayerID, FirstName, LastName, Birth, Country, Height, Weight, Shooting, HOF, Games, Points) VALUES ('thompmy01','Mychal','Thompson','01/30/1955','Bahamas',208,102,'Right',0,935,12810);
INSERT INTO PLAYER_T (PlayerID, FirstName, LastName, Birth, Death, Country, Height, Weight, Shooting, HOF, Games, Points) VALUES ('cookno01','Norm','Cook','03/21/1955','12/22/2008','United States',203,95,'Right',0,27,65);
INSERT INTO PLAYER_T (PlayerID, FirstName, LastName, Birth, Country, Height, Weight, Shooting, HOF, Games, Points) VALUES ('parkeso01','Sonny','Parker','03/22/1955','United States',198,90,'Right',0,452,4475);
INSERT INTO PLAYER_T (PlayerID, FirstName, LastName, Birth, Country, Height, Weight, Shooting, HOF, Games, Points) VALUES ('brewero01','Ron','Brewer','07/16/1955','United States',193,81,'Right',0,501,5962);
INSERT INTO PLAYER_T (PlayerID, FirstName, LastName, Birth, Country, Height, Weight, Shooting, HOF, Games, Points) VALUES ('vromabr01','Brett','Vroman','12/25/1955','United States',213,99,'Right',0,11,34);
INSERT INTO PLAYER_T (PlayerID, FirstName, LastName, Birth, Country, Height, Weight, Shooting, HOF, Games, Points) VALUES ('hendege01','Gerald','Henderson','01/16/1956','United States',188,79,'Right',0,871,7752);
INSERT INTO PLAYER_T (PlayerID, FirstName, LastName, Birth, Country, Height, Weight, Shooting, HOF, Games, Points) VALUES ('priceto01','Tony','Price','01/05/1957','United States',198,86,'Right',0,5,4);
INSERT INTO PLAYER_T (PlayerID, FirstName, LastName, Birth, Country, Height, Weight, Shooting, HOF, Games, Points, FatherID) VALUES ('paxsoji02','Jim','Paxson','07/09/1957','United States',198,90,'Right',0,784,11211,'paxsoji01');
INSERT INTO PLAYER_T (PlayerID, FirstName, LastName, Birth, Country, Height, Weight, Shooting, HOF, Games, Points) VALUES ('drewla01','Larry','Drew','04/02/1958','United States',185,77,'Right',0,714,8140);
INSERT INTO PLAYER_T (PlayerID, FirstName, LastName, Birth, Country, Height, Weight, Shooting, HOF, Games, Points, FatherID) VALUES ('vandeki01','Kiki','Vandeweghe','08/01/1958','Germany',203,99,'Right',0,810,15957,'vandeer01');
INSERT INTO PLAYER_T (PlayerID, FirstName, LastName, Birth, Country, Height, Weight, Shooting, HOF, Games, Points) VALUES ('presspa01','Paul','Pressey','12/24/1958','United States',196,83,'Right',0,724,7674);
INSERT INTO PLAYER_T (PlayerID, FirstName, LastName, Birth, Country, Height, Weight, Shooting, HOF, Games, Points) VALUES ('nancela01','Larry','Nance','02/12/1959','United States',208,92,'Right',0,920,15732);
INSERT INTO PLAYER_T (PlayerID, FirstName, LastName, Birth, Country, Height, Weight, Shooting, HOF, Games, Points, FatherID) VALUES ('schayda01','Danny','Schayes','05/10/1959','United States',211,106,'Right',0,1138,8763,'schaydo01');
INSERT INTO PLAYER_T (PlayerID, FirstName, LastName, Birth, Country, Height, Weight, Shooting, HOF, Games, Points) VALUES ('matthwe01','Wes','Matthews','08/24/1959','United States',185,77,'Right',0,465,3674);
INSERT INTO PLAYER_T (PlayerID, FirstName, LastName, Birth, Death, Country, Height, Weight, Shooting, HOF, Games, Points) VALUES ('wiggimi01','Mitchell','Wiggins','09/28/1959','09/09/2024','United States',193,83,'Right',0,389,3890);
INSERT INTO PLAYER_T (PlayerID, FirstName, LastName, Birth, Death, Country, Height, Weight, Shooting, HOF, Games, Points) VALUES ('tayloje01','Jeff','Taylor','01/01/1960','03/01/2020','United States',193,79,'Right',0,56,179);
INSERT INTO PLAYER_T (PlayerID, FirstName, LastName, Birth, Country, Height, Weight, Shooting, HOF, Games, Points) VALUES ('higgiro01','Rod','Higgins','01/31/1960','United States',201,90,'Right',0,779,7011);
INSERT INTO PLAYER_T (PlayerID, FirstName, LastName, Birth, Country, Height, Weight, Shooting, HOF, Games, Points) VALUES ('rautile01','Leo','Rautins','03/20/1960','Canada',203,97,'Left',0,32,48);
INSERT INTO PLAYER_T (PlayerID, FirstName, LastName, Birth, Country, Height, Weight, Shooting, HOF, Games, Points) VALUES ('henryca01','Carl','Henry','08/16/1960','United States',198,92,'Right',0,28,78);
INSERT INTO PLAYER_T (PlayerID, FirstName, LastName, Birth, Country, Height, Weight, Shooting, HOF, Games, Points) VALUES ('mannipa01','Pace','Mannion','09/22/1960','United States',201,86,'Right',0,216,670);
INSERT INTO PLAYER_T (PlayerID, FirstName, LastName, Birth, Country, Height, Weight, Shooting, HOF, Games, Points, FatherID) VALUES ('paxsojo01','John','Paxson','09/29/1960','United States',188,83,'Right',0,772,5558,'paxsoji01');
INSERT INTO PLAYER_T (PlayerID, FirstName, LastName, Birth, Country, Height, Weight, Shooting, HOF, Games, Points) VALUES ('russewa01','Walker','Russell','10/26/1960','United States',196,88,'Right',0,155,465);
INSERT INTO PLAYER_T (PlayerID, FirstName, LastName, Birth, Country, Height, Weight, Shooting, HOF, Games, Points) VALUES ('dayeda01','Darren','Daye','11/30/1960','United States',203,99,'Right',0,328,2230);
INSERT INTO PLAYER_T (PlayerID, FirstName, LastName, Birth, Country, Height, Weight, Shooting, HOF, Games, Points) VALUES ('youngmi01','Michael','Young','01/02/1961','United States',201,99,'Left',0,49,225);
INSERT INTO PLAYER_T (PlayerID, FirstName, LastName, Birth, Country, Height, Weight, Shooting, HOF, Games, Points) VALUES ('greensi02','Sidney','Green','01/04/1961','United States',206,99,'Right',0,679,5093);
INSERT INTO PLAYER_T (PlayerID, FirstName, LastName, Birth, Country, Height, Weight, Shooting, HOF, Games, Points) VALUES ('riverdo01','Doc','Rivers','10/13/1961','United States',193,83,'Right',0,864,9418);
INSERT INTO PLAYER_T (PlayerID, FirstName, LastName, Birth, Death, Country, Height, Weight, Shooting, HOF, Games, Points) VALUES ('smithde02','Derek','Smith','11/01/1961','08/10/1996','United States',198,92,'Right',0,408,5222);
INSERT INTO PLAYER_T (PlayerID, FirstName, LastName, Birth, Country, Height, Weight, Shooting, HOF, Games, Points) VALUES ('stockjo01','John','Stockton','03/26/1962','United States',185,77,'Right',1,1504,19702);
INSERT INTO PLAYER_T (PlayerID, FirstName, LastName, Birth, Country, Height, Weight, Shooting, HOF, Games, Points) VALUES ('murphja01','Jay','Murphy','06/26/1962','United States',206,99,'Right',0,67,161);
INSERT INTO PLAYER_T (PlayerID, FirstName, LastName, Birth, Country, Height, Weight, Shooting, HOF, Games, Points) VALUES ('ewingpa01','Patrick','Ewing','08/05/1962','Jamaica',213,108,'Right',1,1183,24843);
INSERT INTO PLAYER_T (PlayerID, FirstName, LastName, Birth, Death, Country, Height, Weight, Shooting, HOF, Games, Points) VALUES ('bolma01','Manute','Bol','10/16/1962','06/19/2010','South Sudan',231,90,'Right',0,624,1622);
INSERT INTO PLAYER_T (PlayerID, FirstName, LastName, Birth, Country, Height, Weight, Shooting, HOF, Games, Points) VALUES ('wagnemi01','Milt','Wagner','02/20/1963','United States',196,83,'Right',0,53,217);
INSERT INTO PLAYER_T (PlayerID, FirstName, LastName, Birth, Country, Height, Weight, Shooting, HOF, Games, Points) VALUES ('davisma01','Mark','Davis','06/08/1963','United States',198,88,'Right',0,33,125);
INSERT INTO PLAYER_T (PlayerID, FirstName, LastName, Birth, Country, Height, Weight, Shooting, HOF, Games, Points) VALUES ('wilkige01','Gerald','Wilkins','09/11/1963','United States',198,83,'Right',0,900,11700);
INSERT INTO PLAYER_T (PlayerID, FirstName, LastName, Birth, Country, Height, Weight, Shooting, HOF, Games, Points) VALUES ('harpero01','Ron','Harper','01/20/1964','United States',198,83,'Right',0,1009,13924);
INSERT INTO PLAYER_T (PlayerID, FirstName, LastName, Birth, Country, Height, Weight, Shooting, HOF, Games, Points) VALUES ('curryde01','Dell','Curry','06/25/1964','United States',193,86,'Right',0,1083,12671);
INSERT INTO PLAYER_T (PlayerID, FirstName, LastName, Birth, Country, Height, Weight, Shooting, HOF, Games, Points) VALUES ('winslri01','Rickie','Winslow','07/26/1964','United States',203,102,'Right',0,7,7);
INSERT INTO PLAYER_T (PlayerID, FirstName, LastName, Birth, Country, Height, Weight, Shooting, HOF, Games, Points) VALUES ('washidu01','Duane','Washington','08/31/1964','Germany',193,88,'Right',0,19,53);
INSERT INTO PLAYER_T (PlayerID, FirstName, LastName, Birth, Country, Height, Weight, Shooting, HOF, Games, Points) VALUES ('garlawi01','Winston','Garland','12/19/1964','United States',188,77,'Right',0,511,4803);
INSERT INTO PLAYER_T (PlayerID, FirstName, LastName, Birth, Country, Height, Weight, Shooting, HOF, Games, Points) VALUES ('sabonar01','Arvydas','Sabonis','12/19/1964','Lithuania',221,126,'Right',1,470,5640);
INSERT INTO PLAYER_T (PlayerID, FirstName, LastName, Birth, Country, Height, Weight, Shooting, HOF, Games, Points) VALUES ('washbch01','Chris','Washburn','05/13/1965','United States',211,102,'Right',0,72,223);
INSERT INTO PLAYER_T (PlayerID, FirstName, LastName, Birth, Country, Height, Weight, Shooting, HOF, Games, Points) VALUES ('grantha01','Harvey','Grant','07/04/1965','United States',203,88,'Right',0,783,7752);
INSERT INTO PLAYER_T (PlayerID, FirstName, LastName, Birth, Country, Height, Weight, Shooting, HOF, Games, Points) VALUES ('cofferi01','Richard','Coffey','09/02/1965','United States',198,96,'Right',0,52,68);
INSERT INTO PLAYER_T (PlayerID, FirstName, LastName, Birth, Country, Height, Weight, Shooting, HOF, Games, Points) VALUES ('pippesc01','Scottie','Pippen','09/25/1965','United States',203,95,'Right',1,1178,18966);
INSERT INTO PLAYER_T (PlayerID, FirstName, LastName, Birth, Country, Height, Weight, Shooting, HOF, Games, Points) VALUES ('horfoti01','Tito','Horford','01/19/1966','Dominican Republic',216,111,'Right',0,63,95);
INSERT INTO PLAYER_T (PlayerID, FirstName, LastName, Birth, Country, Height, Weight, Shooting, HOF, Games, Points, FatherID) VALUES ('mannida01','Danny','Manning','05/17/1966','United States',208,104,'Right',0,883,12362,'mannied01');
INSERT INTO PLAYER_T (PlayerID, FirstName, LastName, Birth, Country, Height, Weight, Shooting, HOF, Games, Points) VALUES ('hardati01','Tim','Hardaway','09/01/1966','United States',183,79,'Right',1,867,15346);
INSERT INTO PLAYER_T (PlayerID, FirstName, LastName, Birth, Country, Height, Weight, Shooting, HOF, Games, Points, FatherID) VALUES ('ferryda01','Danny','Ferry','10/17/1966','United States',208,104,'Right',0,917,6419,'ferrybo01');
INSERT INTO PLAYER_T (PlayerID, FirstName, LastName, Birth, Death, Country, Height, Weight, Shooting, HOF, Games, Points) VALUES ('marblro01','Roy','Marble','12/13/1966','09/11/2015','United States',198,86,'Right',0,29,55);
INSERT INTO PLAYER_T (PlayerID, FirstName, LastName, Birth, Country, Height, Weight, Shooting, HOF, Games, Points) VALUES ('kornefr01','Frank','Kornet','01/27/1967','United States',206,102,'Right',0,89,169);
INSERT INTO PLAYER_T (PlayerID, FirstName, LastName, Birth, Country, Height, Weight, Shooting, HOF, Games, Points) VALUES ('ricegl01','Glen','Rice','05/28/1967','United States',203,97,'Right',0,1000,18300);
INSERT INTO PLAYER_T (PlayerID, FirstName, LastName, Birth, Country, Height, Weight, Shooting, HOF, Games, Points) VALUES ('daviste01','Terry','Davis','06/17/1967','United States',206,102,'Left',0,480,3072);
INSERT INTO PLAYER_T (PlayerID, FirstName, LastName, Birth, Country, Height, Weight, Shooting, HOF, Games, Points, FatherID) VALUES ('chapmre01','Rex','Chapman','10/05/1967','United States',193,83,'Right',0,666,9724,'chapmwa01');
INSERT INTO PLAYER_T (PlayerID, FirstName, LastName, Birth, Country, Height, Weight, Shooting, HOF, Games, Points) VALUES ('jacksja01','Jaren','Jackson','10/27/1967','United States',193,86,'Right',0,431,2371);
INSERT INTO PLAYER_T (PlayerID, FirstName, LastName, Birth, Country, Height, Weight, Shooting, HOF, Games, Points) VALUES ('anthogr01','Greg','Anthony','11/15/1967','United States',183,79,'Left',0,757,5526);
INSERT INTO PLAYER_T (PlayerID, FirstName, LastName, Birth, Country, Height, Weight, Shooting, HOF, Games, Points) VALUES ('paytoga01','Gary','Payton','07/23/1968','United States',193,81,'Right',1,1335,21761);
INSERT INTO PLAYER_T (PlayerID, FirstName, LastName, Birth, Country, Height, Weight, Shooting, HOF, Games, Points, FatherID) VALUES ('higgise01','Sean','Higgins','12/30/1968','United States',206,92,'Right',0,220,1386,'higgiea01');
INSERT INTO PLAYER_T (PlayerID, FirstName, LastName, Birth, Country, Height, Weight, Shooting, HOF, Games, Points) VALUES ('davisda01','Dale','Davis','03/25/1969','United States',211,104,'Right',0,1094,8752);
INSERT INTO PLAYER_T (PlayerID, FirstName, LastName, Birth, Country, Height, Weight, Shooting, HOF, Games, Points) VALUES ('crowdco01','Corey','Crowder','04/13/1969','United States',196,97,'Right',0,58,122);
INSERT INTO PLAYER_T (PlayerID, FirstName, LastName, Birth, Country, Height, Weight, Shooting, HOF, Games, Points, FatherID) VALUES ('ellisle02','LeRon','Ellis','04/28/1969','United States',206,102,'Right',0,91,273,'ellisle01');
INSERT INTO PLAYER_T (PlayerID, FirstName, LastName, Birth, Country, Height, Weight, Shooting, HOF, Games, Points, FatherID) VALUES ('dumasri02','Richard','Dumas','05/19/1969','United States',201,90,'Right',0,102,1081,'dumasri01');
INSERT INTO PLAYER_T (PlayerID, FirstName, LastName, Birth, Country, Height, Weight, Shooting, HOF, Games, Points, FatherID) VALUES ('barryjo01','Jon','Barry','07/25/1969','United States',193,88,'Right',0,821,4680,'barryri01');
INSERT INTO PLAYER_T (PlayerID, FirstName, LastName, Birth, Country, Height, Weight, Shooting, HOF, Games, Points, FatherID) VALUES ('houstby01','Byron','Houston','11/22/1969','United States',196,113,'Right',0,214,835,'perrycu01');
INSERT INTO PLAYER_T (PlayerID, FirstName, LastName, Birth, Country, Height, Weight, Shooting, HOF, Games, Points, FatherID) VALUES ('piatker01','Eric','Piatkowski','09/30/1970','United States',201,97,'Right',0,789,5918,'piatkwa01');
INSERT INTO PLAYER_T (PlayerID, FirstName, LastName, Birth, Country, Height, Weight, Shooting, HOF, Games, Points) VALUES ('claxtch01','Charles','Claxton','12/13/1970','U.S. Virgin Islands',213,120,'Right',0,3,2);
INSERT INTO PLAYER_T (PlayerID, FirstName, LastName, Birth, Country, Height, Weight, Shooting, HOF, Games, Points, FatherID) VALUES ('salvake01','Kevin','Salvadori','12/30/1970','United States',213,104,'Right',0,39,43,'salvaal01');
INSERT INTO PLAYER_T (PlayerID, FirstName, LastName, Birth, Country, Height, Weight, Shooting, HOF, Games, Points) VALUES ('edwarbi01','Bill','Edwards','09/22/1971','United States',203,97,'Right',0,3,6);
INSERT INTO PLAYER_T (PlayerID, FirstName, LastName, Birth, Country, Height, Weight, Shooting, HOF, Games, Points, FatherID) VALUES ('jonesas01','Askia','Jones','12/03/1971','United States',196,90,'Right',0,11,45,'joneswa02');
INSERT INTO PLAYER_T (PlayerID, FirstName, LastName, Birth, Country, Height, Weight, Shooting, HOF, Games, Points, FatherID) VALUES ('barrybr01','Brent','Barry','12/31/1971','United States',198,83,'Right',0,912,8482,'barryri01');
INSERT INTO PLAYER_T (PlayerID, FirstName, LastName, Birth, Country, Height, Weight, Shooting, HOF, Games, Points) VALUES ('nembhru01','Ruben','Nembhard','02/20/1972','United States',190,94,'Right',0,10,40);
INSERT INTO PLAYER_T (PlayerID, FirstName, LastName, Birth, Country, Height, Weight, Shooting, HOF, Games, Points) VALUES ('brunsri01','Rick','Brunson','06/14/1972','United States',193,86,'Left',0,337,1078);
INSERT INTO PLAYER_T (PlayerID, FirstName, LastName, Birth, Country, Height, Weight, Shooting, HOF, Games, Points) VALUES ('bookeme01','Melvin','Booker','08/20/1972','United States',188,83,'Right',0,32,166);
INSERT INTO PLAYER_T (PlayerID, FirstName, LastName, Birth, Country, Height, Weight, Shooting, HOF, Games, Points) VALUES ('robingl01','Glenn','Robinson','01/10/1973','United States',201,102,'Right',0,688,14242);
INSERT INTO PLAYER_T (PlayerID, FirstName, LastName, Birth, Country, Height, Weight, Shooting, HOF, Games, Points, FatherID) VALUES ('roseja01','Jalen','Rose','01/30/1973','United States',203,95,'Left',0,923,13199,'walkeji01');
INSERT INTO PLAYER_T (PlayerID, FirstName, LastName, Birth, Country, Height, Weight, Shooting, HOF, Games, Points) VALUES ('howarju01','Juwan','Howard','02/07/1973','United States',206,108,'Right',0,1208,16187);
INSERT INTO PLAYER_T (PlayerID, FirstName, LastName, Birth, Country, Height, Weight, Shooting, HOF, Games, Points, FatherID) VALUES ('barrydr01','Drew','Barry','02/17/1973','United States',196,86,'Right',0,60,132,'barryri01');
INSERT INTO PLAYER_T (PlayerID, FirstName, LastName, Birth, Country, Height, Weight, Shooting, HOF, Games, Points, FatherID) VALUES ('vaughda02','David','Vaughn','03/23/1973','United States',206,108,'Right',0,118,342,'vaughda01');
INSERT INTO PLAYER_T (PlayerID, FirstName, LastName, Birth, Country, Height, Weight, Shooting, HOF, Games, Points) VALUES ('griffad01','Adrian','Griffin','07/04/1974','United States',196,98,'Left',0,477,1908);
INSERT INTO PLAYER_T (PlayerID, FirstName, LastName, Birth, Country, Height, Weight, Shooting, HOF, Games, Points) VALUES ('trentga01','Gary','Trent','09/22/1974','United States',203,113,'Right',0,506,4352);
INSERT INTO PLAYER_T (PlayerID, FirstName, LastName, Birth, Country, Height, Weight, Shooting, HOF, Games, Points) VALUES ('sheppje01','Jeff','Sheppard','09/29/1974','United States',190,86,'Right',0,18,40);
INSERT INTO PLAYER_T (PlayerID, FirstName, LastName, Birth, Country, Height, Weight, Shooting, HOF, Games, Points) VALUES ('walkesa01','Samaki','Walker','02/25/1976','United States',206,108,'Right',0,445,2359);
INSERT INTO PLAYER_T (PlayerID, FirstName, LastName, Birth, Country, Height, Weight, Shooting, HOF, Games, Points) VALUES ('smithja01','Jabari','Smith','02/12/1977','United States',211,113,'Right',0,108,324);
INSERT INTO PLAYER_T (PlayerID, FirstName, LastName, Birth, Country, Height, Weight, Shooting, HOF, Games, Points, FatherID) VALUES ('szczewa02','Wally','Szczerbiak','03/05/1977','Spain',201,110,'Right',0,651,9179,'szczewa01');
INSERT INTO PLAYER_T (PlayerID, FirstName, LastName, Birth, Country, Height, Weight, Shooting, HOF, Games, Points) VALUES ('martike01','Kenyon','Martin','12/30/1977','United States',206,106,'Right',0,757,9311);
INSERT INTO PLAYER_T (PlayerID, FirstName, LastName, Birth, Country, Height, Weight, Shooting, HOF, Games, Points, FatherID) VALUES ('bibbymi01','Mike','Bibby','05/13/1978','United States',185,86,'Right',0,1001,14715,'bibbyhe01');
INSERT INTO PLAYER_T VALUES ('bryanko01','Kobe','Bryant','08/23/1978','01/26/2020','United States',198,96,'Right',1,1346,33650,'bryanjo01');
INSERT INTO PLAYER_T (PlayerID, FirstName, LastName, Birth, Country, Height, Weight, Shooting, HOF, Games, Points, FatherID) VALUES ('wilkida02','Damien','Wilkins','01/11/1980','United States',198,102,'Right',0,582,3608,'wilkige01');
INSERT INTO PLAYER_T (PlayerID, FirstName, LastName, Birth, Country, Height, Weight, Shooting, HOF, Games, Points, FatherID) VALUES ('waltolu01','Luke','Walton','03/28/1980','United States',203,106,'Right',0,564,2651,'waltobi01');
INSERT INTO PLAYER_T (PlayerID, FirstName, LastName, Birth, Country, Height, Weight, Shooting, HOF, Games, Points, FatherID) VALUES ('dunlemi02','Mike','Dunleavy','09/15/1980','United States',206,104,'Right',0,986,11043,'dunlemi01');
INSERT INTO PLAYER_T (PlayerID, FirstName, LastName, Birth, Country, Height, Weight, Shooting, HOF, Games, Points, FatherID) VALUES ('cookbr01','Brian','Cook','12/04/1980','United States',206,106,'Right',0,421,2316,'cookno01');
INSERT INTO PLAYER_T VALUES ('vromaja01','Jackson','Vroman','06/06/1981','06/29/2015','United States',208,99,'Right',0,87,287,'vromabr01');
INSERT INTO PLAYER_T (PlayerID, FirstName, LastName, Birth, Country, Height, Weight, Shooting, HOF, Games, Points, FatherID) VALUES ('russewa02','Walker','Russell','10/06/1982','United States',183,77,'Right',0,28,84,'russewa01');
INSERT INTO PLAYER_T (PlayerID, FirstName, LastName, Birth, Country, Height, Weight, Shooting, HOF, Games, Points, FatherID) VALUES ('lucasjo02','John','Lucas','11/21/1982','United States',180,75,'Right',0,242,1137,'lucasjo01');
INSERT INTO PLAYER_T (PlayerID, FirstName, LastName, Birth, Country, Height, Weight, Shooting, HOF, Games, Points, FatherID) VALUES ('wagneda02','Dajuan','Wagner','02/04/1983','United States',188,90,'Right',0,103,968,'wagnemi01');
INSERT INTO PLAYER_T (PlayerID, FirstName, LastName, Birth, Country, Height, Weight, Shooting, HOF, Games, Points, FatherID) VALUES ('karlco01','Coby','Karl','03/06/1983','United States',196,97,'Right',0,24,58,'karlge01');
INSERT INTO PLAYER_T (PlayerID, FirstName, LastName, Birth, Country, Height, Weight, Shooting, HOF, Games, Points, FatherID) VALUES ('mayse01','Sean','May','04/04/1984','United States',206,120,'Right',0,119,821,'maysc01');
INSERT INTO PLAYER_T (PlayerID, FirstName, LastName, Birth, Country, Height, Weight, Shooting, HOF, Games, Points, FatherID) VALUES ('ewingpa02','Patrick','Ewing','05/20/1984','United States',203,106,'Right',0,7,3,'ewingpa01');
INSERT INTO PLAYER_T (PlayerID, FirstName, LastName, Birth, Country, Height, Weight, Shooting, HOF, Games, Points) VALUES ('jamesle01','LeBron','James','12/30/1984','United States',206,113,'Right',0,1505,40786);
INSERT INTO PLAYER_T (PlayerID, FirstName, LastName, Birth, Country, Height, Weight, Shooting, HOF, Games, Points, FatherID) VALUES ('brewero02','Ronnie','Brewer','03/20/1985','United States',201,99,'Right',0,502,3916,'brewero01');
INSERT INTO PLAYER_T (PlayerID, FirstName, LastName, Birth, Country, Height, Weight, Shooting, HOF, Games, Points, FatherID) VALUES ('templga01','Garrett','Temple','05/08/1986','United States',196,88,'Right',0,747,4557,'templco01');
INSERT INTO PLAYER_T (PlayerID, FirstName, LastName, Birth, Country, Height, Weight, Shooting, HOF, Games, Points, FatherID) VALUES ('horfoal01','Al','Horford','06/03/1986','Dominican Republic',206,108,'Right',0,1090,14279,'horfoti01');
INSERT INTO PLAYER_T (PlayerID, FirstName, LastName, Birth, Country, Height, Weight, Shooting, HOF, Games, Points, FatherID) VALUES ('priceaj01','A.J.','Price','10/07/1986','United States',188,82,'Right',0,261,1514,'priceto01');
INSERT INTO PLAYER_T (PlayerID, FirstName, LastName, Birth, Country, Height, Weight, Shooting, HOF, Games, Points, FatherID) VALUES ('matthwe02','Wesley','Matthews','10/14/1986','United States',196,99,'Right',0,986,11240,'matthwe01');
INSERT INTO PLAYER_T (PlayerID, FirstName, LastName, Birth, Country, Height, Weight, Shooting, HOF, Games, Points, FatherID) VALUES ('rautian01','Andy','Rautins','11/02/1986','United States',193,86,'Right',0,5,8,'rautile01');
INSERT INTO PLAYER_T (PlayerID, FirstName, LastName, Birth, Country, Height, Weight, Shooting, HOF, Games, Points, FatherID) VALUES ('greenta01','Taurean','Green','11/28/1986','United States',183,80,'Right',0,17,27,'greensi02');
INSERT INTO PLAYER_T (PlayerID, FirstName, LastName, Birth, Country, Height, Weight, Shooting, HOF, Games, Points, FatherID) VALUES ('hendege02','Gerald','Henderson','12/09/1987','United States',196,97,'Right',0,535,5992,'hendege01');
INSERT INTO PLAYER_T (PlayerID, FirstName, LastName, Birth, Country, Height, Weight, Shooting, HOF, Games, Points, FatherID) VALUES ('silasxa01','Xavier','Silas','01/22/1988','United States',196,92,'Right',0,4,11,'silasja01');
INSERT INTO PLAYER_T (PlayerID, FirstName, LastName, Birth, Country, Height, Weight, Shooting, HOF, Games, Points, FatherID) VALUES ('curryst01','Stephen','Curry','03/14/1988','United States',188,83,'Right',0,965,23836,'curryde01');
INSERT INTO PLAYER_T (PlayerID, FirstName, LastName, Birth, Country, Height, Weight, Shooting, HOF, Games, Points, FatherID) VALUES ('thompmy02','Mychel','Thompson','06/01/1988','United States',198,95,'Right',0,5,18,'thompmy01');
INSERT INTO PLAYER_T (PlayerID, FirstName, LastName, Birth, Country, Height, Weight, Shooting, HOF, Games, Points, FatherID) VALUES ('dayeau01','Austin','Daye','06/05/1988','United States',211,99,'Right',0,293,1524,'dayeda01');
INSERT INTO PLAYER_T (PlayerID, FirstName, LastName, Birth, Country, Height, Weight, Shooting, HOF, Games, Points, FatherID) VALUES ('smithno01','Nolan','Smith','07/25/1988','United States',188,83,'Right',0,84,277,'smithde02');
INSERT INTO PLAYER_T (PlayerID, FirstName, LastName, Birth, Country, Height, Weight, Shooting, HOF, Games, Points, FatherID) VALUES ('loveke01','Kevin','Love','09/07/1988','United States',203,113,'Right',0,933,15301,'lovest01');
INSERT INTO PLAYER_T (PlayerID, FirstName, LastName, Birth, Country, Height, Weight, Shooting, HOF, Games, Points, FatherID) VALUES ('garredi02','Diante','Garrett','11/03/1988','United States',193,86,'Right',0,90,288,'garredi01');
INSERT INTO PLAYER_T (PlayerID, FirstName, LastName, Birth, Country, Height, Weight, Shooting, HOF, Games, Points, FatherID) VALUES ('tayloje03','Jeff','Taylor','05/23/1989','Sweden',201,102,'Right',0,132,805,'tayloje01');
INSERT INTO PLAYER_T (PlayerID, FirstName, LastName, Birth, Country, Height, Weight, Shooting, HOF, Games, Points, FatherID) VALUES ('davised01','Ed','Davis','06/05/1989','United States',206,98,'Left',0,722,4260,'daviste01');
INSERT INTO PLAYER_T (PlayerID, FirstName, LastName, Birth, Country, Height, Weight, Shooting, HOF, Games, Points, FatherID) VALUES ('higgico01','Cory','Higgins','06/14/1989','United States',196,81,'Right',0,44,163,'higgiro01');
INSERT INTO PLAYER_T (PlayerID, FirstName, LastName, Birth, Country, Height, Weight, Shooting, HOF, Games, Points, FatherID) VALUES ('thompkl01','Klay','Thompson','02/08/1990','United States',196,97,'Right',0,807,15737,'thompmy01');
INSERT INTO PLAYER_T (PlayerID, FirstName, LastName, Birth, Country, Height, Weight, Shooting, HOF, Games, Points, FatherID) VALUES ('drewla02','Larry','Drew','03/05/1990','United States',188,81,'Right',0,22,64,'drewla01');
INSERT INTO PLAYER_T (PlayerID, FirstName, LastName, Birth, Country, Height, Weight, Shooting, HOF, Games, Points, FatherID) VALUES ('crowdja01','Jae','Crowder','07/06/1990','United States',198,106,'Right',0,803,7468,'crowdco01');
INSERT INTO PLAYER_T (PlayerID, FirstName, LastName, Birth, Country, Height, Weight, Shooting, HOF, Games, Points, FatherID) VALUES ('curryse01','Seth','Curry','08/23/1990','United States',185,83,'Right',0,494,5088,'curryde01');
INSERT INTO PLAYER_T (PlayerID, FirstName, LastName, Birth, Country, Height, Weight, Shooting, HOF, Games, Points, FatherID) VALUES ('murpher01','Erik','Murphy','10/26/1990','France',208,104,'Right',0,24,7,'murphja01');
INSERT INTO PLAYER_T (PlayerID, FirstName, LastName, Birth, Country, Height, Weight, Shooting, HOF, Games, Points, FatherID) VALUES ('ricegl02','Glen','Rice','01/01/1991','United States',198,93,'Right',0,16,43,'ricegl01');
INSERT INTO PLAYER_T (PlayerID, FirstName, LastName, Birth, Country, Height, Weight, Shooting, HOF, Games, Points, FatherID) VALUES ('pressph01','Phil','Pressey','02/17/1991','United States',180,79,'Right',0,148,474,'presspa01');
INSERT INTO PLAYER_T (PlayerID, FirstName, LastName, Birth, Country, Height, Weight, Shooting, HOF, Games, Points, FatherID) VALUES ('henryxa01','Xavier','Henry','03/15/1991','Belgium',198,99,'Left',0,185,1055,'henryca01');
INSERT INTO PLAYER_T (PlayerID, FirstName, LastName, Birth, Country, Height, Weight, Shooting, HOF, Games, Points, FatherID) VALUES ('stockda01','David','Stockton','06/24/1991','United States',180,74,'Right',0,6,18,'stockjo01');
INSERT INTO PLAYER_T (PlayerID, FirstName, LastName, Birth, Country, Height, Weight, Shooting, HOF, Games, Points, FatherID) VALUES ('washbju01','Julian','Washburn','12/18/1991','United States',203,95,'Right',0,18,40,'washbch01');
INSERT INTO PLAYER_T (PlayerID, FirstName, LastName, Birth, Country, Height, Weight, Shooting, HOF, Games, Points, FatherID) VALUES ('hardati02','Tim','Hardaway','03/16/1992','United States',196,92,'Right',0,748,10472,'hardati01');
INSERT INTO PLAYER_T (PlayerID, FirstName, LastName, Birth, Country, Height, Weight, Shooting, HOF, Games, Points, FatherID) VALUES ('youngjo01','Joe','Young','06/27/1992','United States',188,81,'Right',0,127,432,'youngmi01');
INSERT INTO PLAYER_T (PlayerID, FirstName, LastName, Birth, Country, Height, Weight, Shooting, HOF, Games, Points, FatherID) VALUES ('riverau01','Austin','Rivers','08/01/1992','United States',193,90,'Right',0,707,6010,'riverdo01');
INSERT INTO PLAYER_T (PlayerID, FirstName, LastName, Birth, Country, Height, Weight, Shooting, HOF, Games, Points, FatherID) VALUES ('marblde01','Devyn','Marble','09/21/1992','United States',198,90,'Right',0,44,97,'marblro01');
INSERT INTO PLAYER_T (PlayerID, FirstName, LastName, Birth, Country, Height, Weight, Shooting, HOF, Games, Points, FatherID) VALUES ('grantje02','Jerian','Grant','10/09/1992','United States',193,92,'Right',0,279,1702,'grantha01');
INSERT INTO PLAYER_T (PlayerID, FirstName, LastName, Birth, Country, Height, Weight, Shooting, HOF, Games, Points, FatherID) VALUES ('paytoga02','Gary','Payton','12/01/1992','United States',188,86,'Left',0,220,1144,'paytoga01');
INSERT INTO PLAYER_T (PlayerID, FirstName, LastName, Birth, Country, Height, Weight, Shooting, HOF, Games, Points, FatherID) VALUES ('nancela02','Larry','Nance','01/01/1993','United States',203,111,'Right',0,531,4089,'nancela01');
INSERT INTO PLAYER_T (PlayerID, FirstName, LastName, Birth, Country, Height, Weight, Shooting, HOF, Games, Points, FatherID) VALUES ('robingl02','Glenn','Robinson','01/08/1994','United States',198,100,'Right',0,304,1794,'robingl01');
INSERT INTO PLAYER_T (PlayerID, FirstName, LastName, Birth, Country, Height, Weight, Shooting, HOF, Games, Points, FatherID) VALUES ('grantje01','Jerami','Grant','03/12/1994','United States',201,95,'Right',0,686,8987,'grantha01');
INSERT INTO PLAYER_T (PlayerID, FirstName, LastName, Birth, Country, Height, Weight, Shooting, HOF, Games, Points, FatherID) VALUES ('wiggian01','Andrew','Wiggins','02/23/1995','Canada',201,89,'Right',0,716,13246,'wiggimi01');
INSERT INTO PLAYER_T (PlayerID, FirstName, LastName, Birth, Country, Height, Weight, Shooting, HOF, Games, Points, FatherID) VALUES ('parkeja01','Jabari','Parker','03/15/1995','United States',203,111,'Right',0,310,4371,'parkeso01');
INSERT INTO PLAYER_T (PlayerID, FirstName, LastName, Birth, Country, Height, Weight, Shooting, HOF, Games, Points, FatherID) VALUES ('kornelu01','Luke','Kornet','07/15/1995','United States',218,113,'Right',0,293,1465,'kornefr01');
INSERT INTO PLAYER_T (PlayerID, FirstName, LastName, Birth, Country, Height, Weight, Shooting, HOF, Games, Points, FatherID) VALUES ('winslju01','Justise','Winslow','03/26/1996','United States',198,100,'Left',0,344,2821,'winslri01');
INSERT INTO PLAYER_T (PlayerID, FirstName, LastName, Birth, Country, Height, Weight, Shooting, HOF, Games, Points, FatherID) VALUES ('edwarvi01','Vince','Edwards','04/05/1996','United States',203,102,'Right',0,2,3,'edwarbi01');
INSERT INTO PLAYER_T (PlayerID, FirstName, LastName, Birth, Country, Height, Weight, Shooting, HOF, Games, Points, FatherID) VALUES ('sabondo01','Domantas','Sabonis','05/03/1996','United States',208,108,'Left',0,589,9306,'sabonar01');
INSERT INTO PLAYER_T (PlayerID, FirstName, LastName, Birth, Country, Height, Weight, Shooting, HOF, Games, Points, FatherID) VALUES ('brunsja01','Jalen','Brunson','08/31/1996','United States',188,86,'Left',0,435,7439,'brunsri01');
INSERT INTO PLAYER_T (PlayerID, FirstName, LastName, Birth, Country, Height, Weight, Shooting, HOF, Games, Points, FatherID) VALUES ('bookede01','Devin','Booker','10/30/1996','United States',198,93,'Right',0,612,14872,'bookeme01');
INSERT INTO PLAYER_T (PlayerID, FirstName, LastName, Birth, Country, Height, Weight, Shooting, HOF, Games, Points, FatherID) VALUES ('coffeam01','Amir','Coffey','06/17/1997','United States',201,95,'Left',0,265,1590,'cofferi01');
INSERT INTO PLAYER_T (PlayerID, FirstName, LastName, Birth, Country, Height, Weight, Shooting, HOF, Games, Points, FatherID) VALUES ('trentga02','Gary','Trent','01/18/1999','United States',196,94,'Right',0,352,4963,'trentga01');
INSERT INTO PLAYER_T (PlayerID, FirstName, LastName, Birth, Country, Height, Weight, Shooting, HOF, Games, Points, FatherID) VALUES ('nembhrj01','RJ','Nembhard','03/22/1999','United States',196,90,'Right',0,14,15,'nembhru01');
INSERT INTO PLAYER_T (PlayerID, FirstName, LastName, Birth, Country, Height, Weight, Shooting, HOF, Games, Points, FatherID) VALUES ('claxtni01','Nic','Claxton','04/17/1999','United States',211,97,'Left',0,252,2596,'claxtch01');
INSERT INTO PLAYER_T (PlayerID, FirstName, LastName, Birth, Country, Height, Weight, Shooting, HOF, Games, Points, FatherID) VALUES ('jacksja02','Jaren','Jackson','09/15/1999','United States',208,109,'Right',0,345,6141,'jacksja01');
INSERT INTO PLAYER_T (PlayerID, FirstName, LastName, Birth, Country, Height, Weight, Shooting, HOF, Games, Points, FatherID) VALUES ('bolbo01','Bol','Bol','11/16/1999','Sudan',221,99,'Right',0,168,1008,'bolma01');
INSERT INTO PLAYER_T (PlayerID, FirstName, LastName, Birth, Country, Height, Weight, Shooting, HOF, Games, Points, FatherID) VALUES ('garlada01','Darius','Garland','01/26/2000','United States',185,87,'Right',0,322,5989,'garlawi01');
INSERT INTO PLAYER_T (PlayerID, FirstName, LastName, Birth, Country, Height, Weight, Shooting, HOF, Games, Points, FatherID) VALUES ('nancepe01','Pete','Nance','02/19/2000','United States',211,104,'Right',0,8,3,'nancela01');
INSERT INTO PLAYER_T (PlayerID, FirstName, LastName, Birth, Country, Height, Weight, Shooting, HOF, Games, Points, FatherID) VALUES ('jackstr02','Trayce','Jackson-Davis','02/22/2000','United States',206,111,'Left',0,80,640,'davisda01');
INSERT INTO PLAYER_T (PlayerID, FirstName, LastName, Birth, Country, Height, Weight, Shooting, HOF, Games, Points, FatherID) VALUES ('washidu02','Duane','Washington','03/24/2000','Germany',190,95,'Right',0,79,719,'washidu01');
INSERT INTO PLAYER_T (PlayerID, FirstName, LastName, Birth, Country, Height, Weight, Shooting, HOF, Games, Points, FatherID) VALUES ('harpero02','Ron','Harper','04/12/2000','United States',198,111,'Right',0,10,20,'harpero01');
INSERT INTO PLAYER_T (PlayerID, FirstName, LastName, Birth, Country, Height, Weight, Shooting, HOF, Games, Points, FatherID) VALUES ('anthoco01','Cole','Anthony','05/15/2000','United States',188,83,'Right',0,265,3445,'anthogr01');
INSERT INTO PLAYER_T (PlayerID, FirstName, LastName, Birth, Country, Height, Weight, Shooting, HOF, Games, Points, FatherID) VALUES ('pippesc02','Scotty','Pippen','11/10/2000','United States',185,83,'Right',0,41,447,'pippesc01');
INSERT INTO PLAYER_T (PlayerID, FirstName, LastName, Birth, Country, Height, Weight, Shooting, HOF, Games, Points, FatherID) VALUES ('martike04','KJ','Martin','01/06/2001','United States',198,97,'Right',0,276,2429,'martike01');
INSERT INTO PLAYER_T (PlayerID, FirstName, LastName, Birth, Country, Height, Weight, Shooting, HOF, Games, Points, FatherID) VALUES ('mannini01','Nico','Mannion','03/14/2001','Italy',188,86,'Right',0,30,123,'mannipa01');
INSERT INTO PLAYER_T (PlayerID, FirstName, LastName, Birth, Country, Height, Weight, Shooting, HOF, Games, Points, FatherID) VALUES ('davisjo06','Johnny','Davis','02/27/2002','United States',196,88,'Right',0,88,343,'davisma01');
INSERT INTO PLAYER_T (PlayerID, FirstName, LastName, Birth, Country, Height, Weight, Shooting, HOF, Games, Points, FatherID) VALUES ('walkeja01','Jabari','Walker','07/30/2002','United States',206,97,'Right',0,139,890,'walkesa01');
INSERT INTO PLAYER_T (PlayerID, FirstName, LastName, Birth, Country, Height, Weight, Shooting, HOF, Games, Points, FatherID) VALUES ('smithja05','Jabari','Smith','05/13/2003','United States',211,99,'Right',0,169,2214,'smithja01');
INSERT INTO PLAYER_T (PlayerID, FirstName, LastName, Birth, Country, Height, Weight, Shooting, HOF, Games, Points, FatherID) VALUES ('griffaj01','AJ','Griffin','08/25/2003','United States',198,100,'Right',0,92,690,'griffad01');
INSERT INTO PLAYER_T (PlayerID, FirstName, LastName, Birth, Country, Height, Weight, Shooting, HOF, Games, Points, FatherID) VALUES ('howarje01','Jett','Howard','09/14/2003','United States',203,97,'Right',0,32,90,'howarju01');
INSERT INTO PLAYER_T (PlayerID, FirstName, LastName, Birth, Country, Height, Weight, Shooting, HOF, Games, Points, FatherID) VALUES ('sheppre01','Reed','Sheppard','06/24/2004','United States',188,83,'Right',0,14,55,'sheppje01');
INSERT INTO PLAYER_T (PlayerID, FirstName, LastName, Birth, Country, Height, Weight, Shooting, HOF, Games, Points, FatherID) VALUES ('jamesbr02','Bronny','James','10/06/2004','United States',188,95,'Right',0,6,4,'jamesle01');

INSERT INTO POSITION_T VALUES ('anthoco01','Point Guard');
INSERT INTO POSITION_T VALUES ('anthogr01','Point Guard');
INSERT INTO POSITION_T VALUES ('barrybr01','Shooting Guard');
INSERT INTO POSITION_T VALUES ('barrydr01','Point Guard');
INSERT INTO POSITION_T VALUES ('barryjo01','Shooting Guard');
INSERT INTO POSITION_T VALUES ('barryri01','Small Forward');
INSERT INTO POSITION_T VALUES ('bibbyhe01','Point Guard');
INSERT INTO POSITION_T VALUES ('bibbymi01','Point Guard');
INSERT INTO POSITION_T VALUES ('bolbo01','Power Forward');
INSERT INTO POSITION_T VALUES ('bolma01','Center');
INSERT INTO POSITION_T VALUES ('bookede01','Shooting Guard');
INSERT INTO POSITION_T VALUES ('bookeme01','Point Guard');
INSERT INTO POSITION_T VALUES ('brewero01','Shooting Guard');
INSERT INTO POSITION_T VALUES ('brewero02','Shooting Guard');
INSERT INTO POSITION_T VALUES ('brunsja01','Point Guard');
INSERT INTO POSITION_T VALUES ('brunsri01','Point Guard');
INSERT INTO POSITION_T VALUES ('bryanjo01','Power Forward');
INSERT INTO POSITION_T VALUES ('bryanko01','Shooting Guard');
INSERT INTO POSITION_T VALUES ('chapmre01','Shooting Guard');
INSERT INTO POSITION_T VALUES ('chapmwa01','Small Forward');
INSERT INTO POSITION_T VALUES ('claxtch01','Center');
INSERT INTO POSITION_T VALUES ('claxtni01','Center');
INSERT INTO POSITION_T VALUES ('coffeam01','Shooting Guard');
INSERT INTO POSITION_T VALUES ('cofferi01','Small Forward');
INSERT INTO POSITION_T VALUES ('cookbr01','Power Forward');
INSERT INTO POSITION_T VALUES ('cookno01','Small Forward');
INSERT INTO POSITION_T VALUES ('crowdco01','Small Forward');
INSERT INTO POSITION_T VALUES ('crowdja01','Small Forward');
INSERT INTO POSITION_T VALUES ('curryde01','Shooting Guard');
INSERT INTO POSITION_T VALUES ('curryse01','Shooting Guard');
INSERT INTO POSITION_T VALUES ('curryst01','Point Guard');
INSERT INTO POSITION_T VALUES ('davisda01','Center');
INSERT INTO POSITION_T VALUES ('davised01','Power Forward');
INSERT INTO POSITION_T VALUES ('davisjo06','Shooting Guard');
INSERT INTO POSITION_T VALUES ('davisma01','Small Forward');
INSERT INTO POSITION_T VALUES ('daviste01','Power Forward');
INSERT INTO POSITION_T VALUES ('dayeau01','Small Forward');
INSERT INTO POSITION_T VALUES ('dayeda01','Small Forward');
INSERT INTO POSITION_T VALUES ('drewla01','Point Guard');
INSERT INTO POSITION_T VALUES ('drewla02','Point Guard');
INSERT INTO POSITION_T VALUES ('dumasri02','Small Forward');
INSERT INTO POSITION_T VALUES ('dunlemi01','Point Guard');
INSERT INTO POSITION_T VALUES ('dunlemi02','Small Forward');
INSERT INTO POSITION_T VALUES ('dunlemi02','Shooting Guard');
INSERT INTO POSITION_T VALUES ('edwarbi01','Power Forward');
INSERT INTO POSITION_T VALUES ('edwarvi01','Small Forward');
INSERT INTO POSITION_T VALUES ('ellisle01','Center');
INSERT INTO POSITION_T VALUES ('ellisle02','Center');
INSERT INTO POSITION_T VALUES ('ewingpa01','Center');
INSERT INTO POSITION_T VALUES ('ewingpa02','Small Forward');
INSERT INTO POSITION_T VALUES ('ferrybo01','Center');
INSERT INTO POSITION_T VALUES ('ferryda01','Power Forward');
INSERT INTO POSITION_T VALUES ('garlada01','Point Guard');
INSERT INTO POSITION_T VALUES ('garlawi01','Point Guard');
INSERT INTO POSITION_T VALUES ('garredi01','Shooting Guard');
INSERT INTO POSITION_T VALUES ('garredi02','Point Guard');
INSERT INTO POSITION_T VALUES ('grantha01','Power Forward');
INSERT INTO POSITION_T VALUES ('grantje01','Power Forward');
INSERT INTO POSITION_T VALUES ('grantje02','Point Guard');
INSERT INTO POSITION_T VALUES ('greensi02','Power Forward');
INSERT INTO POSITION_T VALUES ('greenta01','Point Guard');
INSERT INTO POSITION_T VALUES ('griffad01','Shooting Guard');
INSERT INTO POSITION_T VALUES ('griffaj01','Small Forward');
INSERT INTO POSITION_T VALUES ('guokama01','Small Forward');
INSERT INTO POSITION_T VALUES ('guokama02','Shooting Guard');
INSERT INTO POSITION_T VALUES ('hardati01','Point Guard');
INSERT INTO POSITION_T VALUES ('hardati02','Shooting Guard');
INSERT INTO POSITION_T VALUES ('harpero01','Shooting Guard');
INSERT INTO POSITION_T VALUES ('harpero02','Power Forward');
INSERT INTO POSITION_T VALUES ('hendege01','Point Guard');
INSERT INTO POSITION_T VALUES ('hendege02','Shooting Guard');
INSERT INTO POSITION_T VALUES ('henryca01','Shooting Guard');
INSERT INTO POSITION_T VALUES ('henryxa01','Small Forward');
INSERT INTO POSITION_T VALUES ('higgico01','Shooting Guard');
INSERT INTO POSITION_T VALUES ('higgiea01','Power Forward');
INSERT INTO POSITION_T VALUES ('higgiro01','Small Forward');
INSERT INTO POSITION_T VALUES ('higgise01','Small Forward');
INSERT INTO POSITION_T VALUES ('horfoal01','Center');
INSERT INTO POSITION_T VALUES ('horfoti01','Center');
INSERT INTO POSITION_T VALUES ('houstby01','Power Forward');
INSERT INTO POSITION_T VALUES ('howarje01','Small Forward');
INSERT INTO POSITION_T VALUES ('howarju01','Power Forward');
INSERT INTO POSITION_T VALUES ('howarju01','Small Forward');
INSERT INTO POSITION_T VALUES ('jacksja01','Shooting Guard');
INSERT INTO POSITION_T VALUES ('jacksja02','Center');
INSERT INTO POSITION_T VALUES ('jackstr02','Power Forward');
INSERT INTO POSITION_T VALUES ('jamesbr02','Shooting Guard');
INSERT INTO POSITION_T VALUES ('jamesle01','Small Forward');
INSERT INTO POSITION_T VALUES ('jamesle01','Power Forward');
INSERT INTO POSITION_T VALUES ('jamesle01','Point Guard');
INSERT INTO POSITION_T VALUES ('jamesle01','Center');
INSERT INTO POSITION_T VALUES ('jonesas01','Shooting Guard');
INSERT INTO POSITION_T VALUES ('joneswa02','Point Guard');
INSERT INTO POSITION_T VALUES ('karlco01','Shooting Guard');
INSERT INTO POSITION_T VALUES ('karlge01','Point Guard');
INSERT INTO POSITION_T VALUES ('kornefr01','Power Forward');
INSERT INTO POSITION_T VALUES ('kornelu01','Center');
INSERT INTO POSITION_T VALUES ('loveke01','Power Forward');
INSERT INTO POSITION_T VALUES ('lovest01','Power Forward');
INSERT INTO POSITION_T VALUES ('lucasjo01','Point Guard');
INSERT INTO POSITION_T VALUES ('lucasjo02','Point Guard');
INSERT INTO POSITION_T VALUES ('mannida01','Power Forward');
INSERT INTO POSITION_T VALUES ('mannied01','Small Forward');
INSERT INTO POSITION_T VALUES ('mannini01','Point Guard');
INSERT INTO POSITION_T VALUES ('mannipa01','Small Forward');
INSERT INTO POSITION_T VALUES ('maravpe01','Shooting Guard');
INSERT INTO POSITION_T VALUES ('maravpr01','Shooting Guard');
INSERT INTO POSITION_T VALUES ('marblde01','Shooting Guard');
INSERT INTO POSITION_T VALUES ('marblro01','Small Forward');
INSERT INTO POSITION_T VALUES ('martike01','Power Forward');
INSERT INTO POSITION_T VALUES ('martike04','Small Forward');
INSERT INTO POSITION_T VALUES ('matthwe01','Point Guard');
INSERT INTO POSITION_T VALUES ('matthwe02','Shooting Guard');
INSERT INTO POSITION_T VALUES ('maysc01','Small Forward');
INSERT INTO POSITION_T VALUES ('mayse01','Power Forward');
INSERT INTO POSITION_T VALUES ('mcguial01','Point Guard');
INSERT INTO POSITION_T VALUES ('mcguial02','Shooting Guard');
INSERT INTO POSITION_T VALUES ('mikange01','Center');
INSERT INTO POSITION_T VALUES ('mikanla01','Small Forward');
INSERT INTO POSITION_T VALUES ('murpher01','Center');
INSERT INTO POSITION_T VALUES ('murphja01','Power Forward');
INSERT INTO POSITION_T VALUES ('nancela01','Power Forward');
INSERT INTO POSITION_T VALUES ('nancela02','Power Forward');
INSERT INTO POSITION_T VALUES ('nancepe01','Power Forward');
INSERT INTO POSITION_T VALUES ('nembhrj01','Shooting Guard');
INSERT INTO POSITION_T VALUES ('nembhru01','Shooting Guard');
INSERT INTO POSITION_T VALUES ('parkeja01','Power Forward');
INSERT INTO POSITION_T VALUES ('parkeso01','Small Forward');
INSERT INTO POSITION_T VALUES ('paxsoji01','Shooting Guard');
INSERT INTO POSITION_T VALUES ('paxsoji02','Shooting Guard');
INSERT INTO POSITION_T VALUES ('paxsojo01','Point Guard');
INSERT INTO POSITION_T VALUES ('paytoga01','Point Guard');
INSERT INTO POSITION_T VALUES ('paytoga02','Point Guard');
INSERT INTO POSITION_T VALUES ('paytoga02','Shooting Guard');
INSERT INTO POSITION_T VALUES ('perrycu01','Power Forward');
INSERT INTO POSITION_T VALUES ('piatker01','Shooting Guard');
INSERT INTO POSITION_T VALUES ('piatkwa01','Power Forward');
INSERT INTO POSITION_T VALUES ('pippesc01','Small Forward');
INSERT INTO POSITION_T VALUES ('pippesc02','Point Guard');
INSERT INTO POSITION_T VALUES ('presspa01','Shooting Guard');
INSERT INTO POSITION_T VALUES ('pressph01','Point Guard');
INSERT INTO POSITION_T VALUES ('priceaj01','Point Guard');
INSERT INTO POSITION_T VALUES ('priceto01','Shooting Guard');
INSERT INTO POSITION_T VALUES ('rautian01','Shooting Guard');
INSERT INTO POSITION_T VALUES ('rautile01','Small Forward');
INSERT INTO POSITION_T VALUES ('ricegl01','Small Forward');
INSERT INTO POSITION_T VALUES ('ricegl02','Shooting Guard');
INSERT INTO POSITION_T VALUES ('riverau01','Shooting Guard');
INSERT INTO POSITION_T VALUES ('riverdo01','Point Guard');
INSERT INTO POSITION_T VALUES ('robingl01','Small Forward');
INSERT INTO POSITION_T VALUES ('robingl02','Small Forward');
INSERT INTO POSITION_T VALUES ('roseja01','Small Forward');
INSERT INTO POSITION_T VALUES ('roseja01','Shooting Guard');
INSERT INTO POSITION_T VALUES ('russewa01','Point Guard');
INSERT INTO POSITION_T VALUES ('russewa02','Point Guard');
INSERT INTO POSITION_T VALUES ('sabonar01','Center');
INSERT INTO POSITION_T VALUES ('sabondo01','Center');
INSERT INTO POSITION_T VALUES ('salvaal01','Small Forward');
INSERT INTO POSITION_T VALUES ('salvake01','Center');
INSERT INTO POSITION_T VALUES ('schayda01','Center');
INSERT INTO POSITION_T VALUES ('schaydo01','Power Forward');
INSERT INTO POSITION_T VALUES ('sheppje01','Shooting Guard');
INSERT INTO POSITION_T VALUES ('sheppre01','Shooting Guard');
INSERT INTO POSITION_T VALUES ('silasja01','Point Guard');
INSERT INTO POSITION_T VALUES ('silasxa01','Shooting Guard');
INSERT INTO POSITION_T VALUES ('smithde02','Shooting Guard');
INSERT INTO POSITION_T VALUES ('smithja01','Center');
INSERT INTO POSITION_T VALUES ('smithja05','Power Forward');
INSERT INTO POSITION_T VALUES ('smithno01','Point Guard');
INSERT INTO POSITION_T VALUES ('stockda01','Point Guard');
INSERT INTO POSITION_T VALUES ('stockjo01','Point Guard');
INSERT INTO POSITION_T VALUES ('szczewa01','Small Forward');
INSERT INTO POSITION_T VALUES ('szczewa02','Small Forward');
INSERT INTO POSITION_T VALUES ('tayloje01','Shooting Guard');
INSERT INTO POSITION_T VALUES ('tayloje03','Small Forward');
INSERT INTO POSITION_T VALUES ('templco01','Small Forward');
INSERT INTO POSITION_T VALUES ('templga01','Shooting Guard');
INSERT INTO POSITION_T VALUES ('templga01','Small Forward');
INSERT INTO POSITION_T VALUES ('thompkl01','Shooting Guard');
INSERT INTO POSITION_T VALUES ('thompmy01','Center');
INSERT INTO POSITION_T VALUES ('thompmy02','Shooting Guard');
INSERT INTO POSITION_T VALUES ('trentga01','Power Forward');
INSERT INTO POSITION_T VALUES ('trentga01','Small Forward');
INSERT INTO POSITION_T VALUES ('trentga02','Shooting Guard');
INSERT INTO POSITION_T VALUES ('vanbrbu01','Shooting Guard');
INSERT INTO POSITION_T VALUES ('vanbrbu01','Small Forward');
INSERT INTO POSITION_T VALUES ('vanbrja01','Small Forward');
INSERT INTO POSITION_T VALUES ('vandeer01','Shooting Guard');
INSERT INTO POSITION_T VALUES ('vandeki01','Small Forward');
INSERT INTO POSITION_T VALUES ('vaughda01','Center');
INSERT INTO POSITION_T VALUES ('vaughda02','Power Forward');
INSERT INTO POSITION_T VALUES ('vromabr01','Center');
INSERT INTO POSITION_T VALUES ('vromaja01','Power Forward');
INSERT INTO POSITION_T VALUES ('wagneda02','Shooting Guard');
INSERT INTO POSITION_T VALUES ('wagnemi01','Shooting Guard');
INSERT INTO POSITION_T VALUES ('walkeja01','Small Forward');
INSERT INTO POSITION_T VALUES ('walkeji01','Shooting Guard');
INSERT INTO POSITION_T VALUES ('walkesa01','Power Forward');
INSERT INTO POSITION_T VALUES ('waltobi01','Center');
INSERT INTO POSITION_T VALUES ('waltolu01','Small Forward');
INSERT INTO POSITION_T VALUES ('washbch01','Center');
INSERT INTO POSITION_T VALUES ('washbju01','Small Forward');
INSERT INTO POSITION_T VALUES ('washidu01','Shooting Guard');
INSERT INTO POSITION_T VALUES ('washidu02','Shooting Guard');
INSERT INTO POSITION_T VALUES ('wiggian01','Small Forward');
INSERT INTO POSITION_T VALUES ('wiggimi01','Shooting Guard');
INSERT INTO POSITION_T VALUES ('wilkida02','Small Forward');
INSERT INTO POSITION_T VALUES ('wilkige01','Shooting Guard');
INSERT INTO POSITION_T VALUES ('winslju01','Power Forward');
INSERT INTO POSITION_T VALUES ('winslju01','Small Forward');
INSERT INTO POSITION_T VALUES ('winslri01','Small Forward');
INSERT INTO POSITION_T VALUES ('youngjo01','Point Guard');
INSERT INTO POSITION_T VALUES ('youngmi01','Small Forward');

INSERT INTO COLLEGE_T VALUES ('anthoco01','UNC');
INSERT INTO COLLEGE_T VALUES ('anthogr01','University of Portland');
INSERT INTO COLLEGE_T VALUES ('anthogr01','UNLV');
INSERT INTO COLLEGE_T VALUES ('barrybr01','Oregon State');
INSERT INTO COLLEGE_T VALUES ('barrydr01','Georgia Tech');
INSERT INTO COLLEGE_T VALUES ('barryjo01','Georgia Tech');
INSERT INTO COLLEGE_T VALUES ('barryjo01','University of the Pacific');
INSERT INTO COLLEGE_T VALUES ('barryri01','Miami (FL)');
INSERT INTO COLLEGE_T VALUES ('bibbyhe01','UCLA');
INSERT INTO COLLEGE_T VALUES ('bibbymi01','Arizona');
INSERT INTO COLLEGE_T VALUES ('bolbo01','Oregon');
INSERT INTO COLLEGE_T VALUES ('bolma01','University of Bridgeport');
INSERT INTO COLLEGE_T VALUES ('bookede01','Kentucky');
INSERT INTO COLLEGE_T VALUES ('bookeme01','Missouri');
INSERT INTO COLLEGE_T VALUES ('brewero01','Arkansas');
INSERT INTO COLLEGE_T VALUES ('brewero02','Arkansas');
INSERT INTO COLLEGE_T VALUES ('brunsja01','Villanova');
INSERT INTO COLLEGE_T VALUES ('brunsri01','Temple');
INSERT INTO COLLEGE_T VALUES ('bryanjo01','La Salle');
INSERT INTO COLLEGE_T VALUES ('chapmre01','Kentucky');
INSERT INTO COLLEGE_T VALUES ('chapmwa01','Western Kentucky');
INSERT INTO COLLEGE_T VALUES ('claxtch01','Georgia');
INSERT INTO COLLEGE_T VALUES ('claxtni01','Georgia');
INSERT INTO COLLEGE_T VALUES ('coffeam01','Minnesota');
INSERT INTO COLLEGE_T VALUES ('cofferi01','Minnesota');
INSERT INTO COLLEGE_T VALUES ('cookbr01','Illinois');
INSERT INTO COLLEGE_T VALUES ('cookno01','Kansas');
INSERT INTO COLLEGE_T VALUES ('crowdco01','Kentucky Wesleyan College');
INSERT INTO COLLEGE_T VALUES ('crowdja01','Marquette');
INSERT INTO COLLEGE_T VALUES ('curryde01','Virginia Tech');
INSERT INTO COLLEGE_T VALUES ('curryse01','Duke');
INSERT INTO COLLEGE_T VALUES ('curryse01','Liberty');
INSERT INTO COLLEGE_T VALUES ('curryst01','Davidson');
INSERT INTO COLLEGE_T VALUES ('davisda01','Clemson');
INSERT INTO COLLEGE_T VALUES ('davised01','UNC');
INSERT INTO COLLEGE_T VALUES ('davisjo06','Wisconsin');
INSERT INTO COLLEGE_T VALUES ('davisma01','Old Dominion');
INSERT INTO COLLEGE_T VALUES ('daviste01','Virginia Union University');
INSERT INTO COLLEGE_T VALUES ('dayeau01','Gonzaga');
INSERT INTO COLLEGE_T VALUES ('dayeda01','UCLA');
INSERT INTO COLLEGE_T VALUES ('drewla01','Missouri');
INSERT INTO COLLEGE_T VALUES ('drewla02','UCLA');
INSERT INTO COLLEGE_T VALUES ('drewla02','UNC');
INSERT INTO COLLEGE_T VALUES ('dumasri01','Northeastern State University');
INSERT INTO COLLEGE_T VALUES ('dumasri02','Oklahoma State');
INSERT INTO COLLEGE_T VALUES ('dunlemi01','South Carolina');
INSERT INTO COLLEGE_T VALUES ('dunlemi02','Duke');
INSERT INTO COLLEGE_T VALUES ('edwarbi01','Wright State University');
INSERT INTO COLLEGE_T VALUES ('edwarvi01','Purdue');
INSERT INTO COLLEGE_T VALUES ('ellisle01','St. John''s');
INSERT INTO COLLEGE_T VALUES ('ellisle02','Kentucky');
INSERT INTO COLLEGE_T VALUES ('ellisle02','Syracuse');
INSERT INTO COLLEGE_T VALUES ('ewingpa01','Georgetown');
INSERT INTO COLLEGE_T VALUES ('ewingpa02','Georgetown');
INSERT INTO COLLEGE_T VALUES ('ewingpa02','Indiana');
INSERT INTO COLLEGE_T VALUES ('ferrybo01','Saint Louis');
INSERT INTO COLLEGE_T VALUES ('ferryda01','Duke');
INSERT INTO COLLEGE_T VALUES ('garlada01','Vanderbilt');
INSERT INTO COLLEGE_T VALUES ('garlawi01','Missouri State');
INSERT INTO COLLEGE_T VALUES ('garredi01','Southern Illinois');
INSERT INTO COLLEGE_T VALUES ('garredi02','Iowa State');
INSERT INTO COLLEGE_T VALUES ('grantha01','Clemson');
INSERT INTO COLLEGE_T VALUES ('grantha01','Oklahoma');
INSERT INTO COLLEGE_T VALUES ('grantje01','Syracuse');
INSERT INTO COLLEGE_T VALUES ('grantje02','Notre Dame');
INSERT INTO COLLEGE_T VALUES ('greensi02','UNLV');
INSERT INTO COLLEGE_T VALUES ('greenta01','Florida');
INSERT INTO COLLEGE_T VALUES ('griffad01','Seton Hall');
INSERT INTO COLLEGE_T VALUES ('griffaj01','Duke');
INSERT INTO COLLEGE_T VALUES ('guokama01','Saint Joseph''s');
INSERT INTO COLLEGE_T VALUES ('guokama02','Saint Joseph''s');
INSERT INTO COLLEGE_T VALUES ('hardati01','Texas-El Paso');
INSERT INTO COLLEGE_T VALUES ('hardati02','Michigan');
INSERT INTO COLLEGE_T VALUES ('harpero01','Miami University');
INSERT INTO COLLEGE_T VALUES ('harpero02','Rutgers University');
INSERT INTO COLLEGE_T VALUES ('hendege01','VCU');
INSERT INTO COLLEGE_T VALUES ('hendege02','Duke');
INSERT INTO COLLEGE_T VALUES ('henryca01','Kansas');
INSERT INTO COLLEGE_T VALUES ('henryca01','Oklahoma City University');
INSERT INTO COLLEGE_T VALUES ('henryxa01','Kansas');
INSERT INTO COLLEGE_T VALUES ('higgico01','Colorado');
INSERT INTO COLLEGE_T VALUES ('higgiea01','Casper College');
INSERT INTO COLLEGE_T VALUES ('higgiea01','Eastern Michigan');
INSERT INTO COLLEGE_T VALUES ('higgiro01','Fresno State');
INSERT INTO COLLEGE_T VALUES ('higgise01','Michigan');
INSERT INTO COLLEGE_T VALUES ('horfoal01','Florida');
INSERT INTO COLLEGE_T VALUES ('horfoti01','Miami (FL)');
INSERT INTO COLLEGE_T VALUES ('houstby01','Oklahoma State');
INSERT INTO COLLEGE_T VALUES ('howarje01','Michigan');
INSERT INTO COLLEGE_T VALUES ('howarju01','Michigan');
INSERT INTO COLLEGE_T VALUES ('jacksja01','Georgetown');
INSERT INTO COLLEGE_T VALUES ('jacksja02','Michigan State');
INSERT INTO COLLEGE_T VALUES ('jackstr02','Indiana');
INSERT INTO COLLEGE_T VALUES ('jamesbr02','USC');
INSERT INTO COLLEGE_T VALUES ('jonesas01','Kansas State');
INSERT INTO COLLEGE_T VALUES ('joneswa02','Villanova');
INSERT INTO COLLEGE_T VALUES ('karlco01','Boise State');
INSERT INTO COLLEGE_T VALUES ('karlge01','UNC');
INSERT INTO COLLEGE_T VALUES ('kornefr01','Vanderbilt');
INSERT INTO COLLEGE_T VALUES ('kornelu01','Vanderbilt');
INSERT INTO COLLEGE_T VALUES ('loveke01','UCLA');
INSERT INTO COLLEGE_T VALUES ('lovest01','Oregon');
INSERT INTO COLLEGE_T VALUES ('lucasjo01','Maryland');
INSERT INTO COLLEGE_T VALUES ('lucasjo02','Baylor');
INSERT INTO COLLEGE_T VALUES ('lucasjo02','Oklahoma State');
INSERT INTO COLLEGE_T VALUES ('mannida01','Kansas');
INSERT INTO COLLEGE_T VALUES ('mannied01','Jackson State University');
INSERT INTO COLLEGE_T VALUES ('mannini01','Arizona');
INSERT INTO COLLEGE_T VALUES ('mannipa01','Utah');
INSERT INTO COLLEGE_T VALUES ('maravpe01','LSU');
INSERT INTO COLLEGE_T VALUES ('maravpr01','Davis & Elkins College');
INSERT INTO COLLEGE_T VALUES ('marblde01','Iowa');
INSERT INTO COLLEGE_T VALUES ('marblro01','Iowa');
INSERT INTO COLLEGE_T VALUES ('martike01','Cincinnati');
INSERT INTO COLLEGE_T VALUES ('matthwe01','Wisconsin');
INSERT INTO COLLEGE_T VALUES ('matthwe02','Marquette');
INSERT INTO COLLEGE_T VALUES ('maysc01','Indiana');
INSERT INTO COLLEGE_T VALUES ('mayse01','UNC');
INSERT INTO COLLEGE_T VALUES ('mcguial01','St. John''s');
INSERT INTO COLLEGE_T VALUES ('mcguial02','Marquette');
INSERT INTO COLLEGE_T VALUES ('mikange01','DePaul');
INSERT INTO COLLEGE_T VALUES ('mikanla01','Minnesota');
INSERT INTO COLLEGE_T VALUES ('murpher01','Florida');
INSERT INTO COLLEGE_T VALUES ('murphja01','Boston College');
INSERT INTO COLLEGE_T VALUES ('nancela01','Clemson');
INSERT INTO COLLEGE_T VALUES ('nancela02','Wyoming');
INSERT INTO COLLEGE_T VALUES ('nancepe01','Northwestern');
INSERT INTO COLLEGE_T VALUES ('nancepe01','UNC');
INSERT INTO COLLEGE_T VALUES ('nembhrj01','TCU');
INSERT INTO COLLEGE_T VALUES ('nembhru01','Weber State');
INSERT INTO COLLEGE_T VALUES ('parkeja01','Duke');
INSERT INTO COLLEGE_T VALUES ('parkeso01','Texas A&M');
INSERT INTO COLLEGE_T VALUES ('paxsoji01','Dayton');
INSERT INTO COLLEGE_T VALUES ('paxsoji02','Dayton');
INSERT INTO COLLEGE_T VALUES ('paxsojo01','Notre Dame');
INSERT INTO COLLEGE_T VALUES ('paytoga01','Oregon State');
INSERT INTO COLLEGE_T VALUES ('paytoga02','Oregon State');
INSERT INTO COLLEGE_T VALUES ('perrycu01','Missouri State');
INSERT INTO COLLEGE_T VALUES ('piatker01','Nebraska');
INSERT INTO COLLEGE_T VALUES ('piatkwa01','Bowling Green');
INSERT INTO COLLEGE_T VALUES ('pippesc01','University of Central Arkansas');
INSERT INTO COLLEGE_T VALUES ('pippesc02','Vanderbilt');
INSERT INTO COLLEGE_T VALUES ('presspa01','Tulsa');
INSERT INTO COLLEGE_T VALUES ('presspa01','Western Texas College');
INSERT INTO COLLEGE_T VALUES ('pressph01','Missouri');
INSERT INTO COLLEGE_T VALUES ('priceaj01','UConn');
INSERT INTO COLLEGE_T VALUES ('priceto01','Penn');
INSERT INTO COLLEGE_T VALUES ('rautian01','Syracuse');
INSERT INTO COLLEGE_T VALUES ('rautile01','Minnesota');
INSERT INTO COLLEGE_T VALUES ('rautile01','Syracuse');
INSERT INTO COLLEGE_T VALUES ('ricegl01','Michigan');
INSERT INTO COLLEGE_T VALUES ('ricegl02','Georgia Tech');
INSERT INTO COLLEGE_T VALUES ('riverau01','Duke');
INSERT INTO COLLEGE_T VALUES ('riverdo01','Marquette');
INSERT INTO COLLEGE_T VALUES ('robingl01','Purdue');
INSERT INTO COLLEGE_T VALUES ('robingl02','Michigan');
INSERT INTO COLLEGE_T VALUES ('roseja01','Michigan');
INSERT INTO COLLEGE_T VALUES ('russewa01','Houston');
INSERT INTO COLLEGE_T VALUES ('russewa01','Western Michigan');
INSERT INTO COLLEGE_T VALUES ('russewa02','Jacksonville State University');
INSERT INTO COLLEGE_T VALUES ('sabondo01','Gonzaga');
INSERT INTO COLLEGE_T VALUES ('salvaal01','South Carolina');
INSERT INTO COLLEGE_T VALUES ('salvake01','UNC');
INSERT INTO COLLEGE_T VALUES ('schayda01','Syracuse');
INSERT INTO COLLEGE_T VALUES ('schaydo01','NYU');
INSERT INTO COLLEGE_T VALUES ('sheppje01','Kentucky');
INSERT INTO COLLEGE_T VALUES ('sheppre01','Kentucky');
INSERT INTO COLLEGE_T VALUES ('silasja01','Stephen F. Austin');
INSERT INTO COLLEGE_T VALUES ('silasxa01','Colorado');
INSERT INTO COLLEGE_T VALUES ('silasxa01','Northern Illinois');
INSERT INTO COLLEGE_T VALUES ('smithde02','Louisville');
INSERT INTO COLLEGE_T VALUES ('smithja01','LSU');
INSERT INTO COLLEGE_T VALUES ('smithja05','Auburn');
INSERT INTO COLLEGE_T VALUES ('smithno01','Duke');
INSERT INTO COLLEGE_T VALUES ('stockda01','Gonzaga');
INSERT INTO COLLEGE_T VALUES ('stockjo01','Gonzaga');
INSERT INTO COLLEGE_T VALUES ('szczewa01','George Washington');
INSERT INTO COLLEGE_T VALUES ('szczewa02','Miami University');
INSERT INTO COLLEGE_T VALUES ('tayloje01','Texas Tech');
INSERT INTO COLLEGE_T VALUES ('tayloje03','Vanderbilt');
INSERT INTO COLLEGE_T VALUES ('templco01','LSU');
INSERT INTO COLLEGE_T VALUES ('templga01','LSU');
INSERT INTO COLLEGE_T VALUES ('thompkl01','Washington State');
INSERT INTO COLLEGE_T VALUES ('thompmy01','Minnesota');
INSERT INTO COLLEGE_T VALUES ('thompmy02','Pepperdine');
INSERT INTO COLLEGE_T VALUES ('trentga01','Ohio University');
INSERT INTO COLLEGE_T VALUES ('trentga02','Duke');
INSERT INTO COLLEGE_T VALUES ('vanbrbu01','NYU');
INSERT INTO COLLEGE_T VALUES ('vanbrja01','Vanderbilt');
INSERT INTO COLLEGE_T VALUES ('vandeer01','Colgate');
INSERT INTO COLLEGE_T VALUES ('vandeki01','UCLA');
INSERT INTO COLLEGE_T VALUES ('vaughda01','Oral Roberts');
INSERT INTO COLLEGE_T VALUES ('vaughda02','Memphis');
INSERT INTO COLLEGE_T VALUES ('vromabr01','UCLA');
INSERT INTO COLLEGE_T VALUES ('vromabr01','UNLV');
INSERT INTO COLLEGE_T VALUES ('vromaja01','Iowa State');
INSERT INTO COLLEGE_T VALUES ('wagneda02','Memphis');
INSERT INTO COLLEGE_T VALUES ('wagnemi01','Louisville');
INSERT INTO COLLEGE_T VALUES ('walkeja01','Colorado');
INSERT INTO COLLEGE_T VALUES ('walkeji01','Providence');
INSERT INTO COLLEGE_T VALUES ('walkesa01','Louisville');
INSERT INTO COLLEGE_T VALUES ('waltobi01','UCLA');
INSERT INTO COLLEGE_T VALUES ('waltolu01','Arizona');
INSERT INTO COLLEGE_T VALUES ('washbch01','NC State');
INSERT INTO COLLEGE_T VALUES ('washbju01','Texas-El Paso');
INSERT INTO COLLEGE_T VALUES ('washidu01','Middle Tennessee');
INSERT INTO COLLEGE_T VALUES ('washidu02','Ohio State');
INSERT INTO COLLEGE_T VALUES ('wiggian01','Kansas');
INSERT INTO COLLEGE_T VALUES ('wiggimi01','Clemson');
INSERT INTO COLLEGE_T VALUES ('wiggimi01','Florida State');
INSERT INTO COLLEGE_T VALUES ('wilkida02','Georgia');
INSERT INTO COLLEGE_T VALUES ('wilkida02','NC State');
INSERT INTO COLLEGE_T VALUES ('wilkige01','Chattanooga');
INSERT INTO COLLEGE_T VALUES ('winslju01','Duke');
INSERT INTO COLLEGE_T VALUES ('winslri01','Houston');
INSERT INTO COLLEGE_T VALUES ('youngjo01','Houston');
INSERT INTO COLLEGE_T VALUES ('youngjo01','Oregon');
INSERT INTO COLLEGE_T VALUES ('youngmi01','Houston');

INSERT INTO TEAM_T VALUES ('ATL','Hawks','NBA');
INSERT INTO TEAM_T VALUES ('BOS','Celtics','NBA');
INSERT INTO TEAM_T VALUES ('BRK','Nets','NBA');
INSERT INTO TEAM_T VALUES ('CHA','Hornets/Bobcats','NBA');
INSERT INTO TEAM_T VALUES ('CHI','Bulls','NBA');
INSERT INTO TEAM_T VALUES ('CLE','Cavaliers','NBA');
INSERT INTO TEAM_T VALUES ('DAL','Mavericks','NBA');
INSERT INTO TEAM_T VALUES ('DEN','Nuggets','NBA');
INSERT INTO TEAM_T VALUES ('DET','Pistons','NBA');
INSERT INTO TEAM_T VALUES ('FLO','Floridians','ABA');
INSERT INTO TEAM_T VALUES ('GSW','Warriors','NBA');
INSERT INTO TEAM_T VALUES ('HOU','Rockets','NBA');
INSERT INTO TEAM_T VALUES ('IND','Pacers','NBA');
INSERT INTO TEAM_T VALUES ('KEN','Colonels','ABA');
INSERT INTO TEAM_T VALUES ('LAC','Clippers','NBA');
INSERT INTO TEAM_T VALUES ('LAL','Lakers','NBA');
INSERT INTO TEAM_T VALUES ('MEM','Grizzlies','NBA');
INSERT INTO TEAM_T VALUES ('MIA','Heat','NBA');
INSERT INTO TEAM_T VALUES ('MIL','Bucks','NBA');
INSERT INTO TEAM_T VALUES ('MIN','Timberwolves','NBA');
INSERT INTO TEAM_T VALUES ('NOH','Pelicans','NBA');
INSERT INTO TEAM_T VALUES ('NYK','Knicks','NBA');
INSERT INTO TEAM_T VALUES ('OKC','Thunder/SuperSonics','NBA');
INSERT INTO TEAM_T VALUES ('ORL','Magic','NBA');
INSERT INTO TEAM_T VALUES ('PHI','76ers','NBA');
INSERT INTO TEAM_T VALUES ('PHO','Suns','NBA');
INSERT INTO TEAM_T VALUES ('PIT','Ironmen','BAA');
INSERT INTO TEAM_T VALUES ('POR','Trail Blazers','NBA');
INSERT INTO TEAM_T VALUES ('PTC','Condors','ABA');
INSERT INTO TEAM_T VALUES ('SAC','Kings/Royals','NBA');
INSERT INTO TEAM_T VALUES ('SAS','Spurs','NBA');
INSERT INTO TEAM_T VALUES ('SSL','Spirit/Cougars','ABA');
INSERT INTO TEAM_T VALUES ('TOR','Raptors','NBA');
INSERT INTO TEAM_T VALUES ('UTA','Jazz','NBA');
INSERT INTO TEAM_T VALUES ('UTS','Stars','ABA');
INSERT INTO TEAM_T VALUES ('VIR','Squires/Oaks','ABA');
INSERT INTO TEAM_T VALUES ('WAS','Wizards/Bullets','NBA');

INSERT INTO ROSTER_T (RosterID, PlayerID, TeamID, Season, Jersey) VALUES (1,'guokama01','GSW','1946-47',14);
INSERT INTO ROSTER_T (RosterID, PlayerID, TeamID, Season, Jersey) VALUES (2,'maravpr01','PIT','1946-47',12);
INSERT INTO ROSTER_T (RosterID, PlayerID, TeamID, Season, Jersey) VALUES (3,'vanbrbu01','NYK','1946-47',11);
INSERT INTO ROSTER_T (RosterID, PlayerID, TeamID, Season, Jersey) VALUES (4,'vanbrbu01','NYK','1947-48',11);
INSERT INTO ROSTER_T (RosterID, PlayerID, TeamID, Season, Jersey) VALUES (5,'mikange01','LAL','1948-49',99);
INSERT INTO ROSTER_T (RosterID, PlayerID, TeamID, Season, Jersey) VALUES (6,'vanbrbu01','NYK','1948-49',17);
INSERT INTO ROSTER_T (RosterID, PlayerID, TeamID, Season, Jersey) VALUES (7,'mikange01','LAL','1949-50',99);
INSERT INTO ROSTER_T (RosterID, PlayerID, TeamID, Season, Jersey) VALUES (8,'schaydo01','PHI','1949-50',55);
INSERT INTO ROSTER_T (RosterID, PlayerID, TeamID, Season, Jersey) VALUES (9,'vanbrbu01','NYK','1949-50',17);
INSERT INTO ROSTER_T (RosterID, PlayerID, TeamID, Season, Jersey) VALUES (10,'vandeer01','NYK','1949-50',9);
INSERT INTO ROSTER_T (RosterID, PlayerID, TeamID, Season, Jersey) VALUES (11,'mikange01','LAL','1950-51',99);
INSERT INTO ROSTER_T (RosterID, PlayerID, TeamID, Season, Jersey) VALUES (12,'schaydo01','PHI','1950-51',55);
INSERT INTO ROSTER_T (RosterID, PlayerID, TeamID, Season, Jersey) VALUES (13,'vandeer01','NYK','1950-51',9);
INSERT INTO ROSTER_T (RosterID, PlayerID, TeamID, Season, Jersey) VALUES (14,'mcguial01','NYK','1951-52',3);
INSERT INTO ROSTER_T (RosterID, PlayerID, TeamID, Season, Jersey) VALUES (15,'mikange01','LAL','1951-52',99);
INSERT INTO ROSTER_T (RosterID, PlayerID, TeamID, Season, Jersey) VALUES (16,'schaydo01','PHI','1951-52',4);
INSERT INTO ROSTER_T (RosterID, PlayerID, TeamID, Season, Jersey) VALUES (17,'vandeer01','NYK','1951-52',9);
INSERT INTO ROSTER_T (RosterID, PlayerID, TeamID, Season, Jersey) VALUES (18,'mcguial01','NYK','1952-53',16);
INSERT INTO ROSTER_T (RosterID, PlayerID, TeamID, Season, Jersey) VALUES (19,'mikange01','LAL','1952-53',99);
INSERT INTO ROSTER_T (RosterID, PlayerID, TeamID, Season, Jersey) VALUES (20,'schaydo01','PHI','1952-53',4);
INSERT INTO ROSTER_T (RosterID, PlayerID, TeamID, Season, Jersey) VALUES (21,'vandeer01','NYK','1952-53',9);
INSERT INTO ROSTER_T (RosterID, PlayerID, TeamID, Season, Jersey) VALUES (22,'mcguial01','NYK','1953-54',16);
INSERT INTO ROSTER_T (RosterID, PlayerID, TeamID, Season, Jersey) VALUES (23,'mikange01','LAL','1953-54',99);
INSERT INTO ROSTER_T (RosterID, PlayerID, TeamID, Season, Jersey) VALUES (24,'schaydo01','PHI','1953-54',4);
INSERT INTO ROSTER_T (RosterID, PlayerID, TeamID, Season, Jersey) VALUES (25,'vandeer01','NYK','1953-54',9);
INSERT INTO ROSTER_T (RosterID, PlayerID, TeamID, Season, Jersey) VALUES (26,'mcguial01','WAS','1954-55',7);
INSERT INTO ROSTER_T (RosterID, PlayerID, TeamID, Season, Jersey) VALUES (27,'schaydo01','PHI','1954-55',4);
INSERT INTO ROSTER_T (RosterID, PlayerID, TeamID, Season, Jersey) VALUES (28,'mikange01','LAL','1955-56',99);
INSERT INTO ROSTER_T (RosterID, PlayerID, TeamID, Season, Jersey) VALUES (29,'schaydo01','PHI','1955-56',4);
INSERT INTO ROSTER_T (RosterID, PlayerID, TeamID, Season, Jersey) VALUES (30,'vandeer01','NYK','1955-56',18);
INSERT INTO ROSTER_T (RosterID, PlayerID, TeamID, Season, Jersey) VALUES (31,'paxsoji01','LAL','1956-57',11);
INSERT INTO ROSTER_T (RosterID, PlayerID, TeamID, Season, Jersey) VALUES (32,'schaydo01','PHI','1956-57',4);
INSERT INTO ROSTER_T (RosterID, PlayerID, TeamID, Season, Jersey) VALUES (33,'paxsoji01','SAC','1957-58',11);
INSERT INTO ROSTER_T (RosterID, PlayerID, TeamID, Season, Jersey) VALUES (34,'schaydo01','PHI','1957-58',4);
INSERT INTO ROSTER_T (RosterID, PlayerID, TeamID, Season, Jersey) VALUES (35,'schaydo01','PHI','1958-59',4);
INSERT INTO ROSTER_T (RosterID, PlayerID, TeamID, Season, Jersey) VALUES (36,'ferrybo01','ATL','1959-60',20);
INSERT INTO ROSTER_T (RosterID, PlayerID, TeamID, Season, Jersey) VALUES (37,'schaydo01','PHI','1959-60',4);
INSERT INTO ROSTER_T (RosterID, PlayerID, TeamID, Season, Jersey) VALUES (38,'ferrybo01','DET','1960-61',16);
INSERT INTO ROSTER_T (RosterID, PlayerID, TeamID, Season, Jersey) VALUES (39,'schaydo01','PHI','1960-61',4);
INSERT INTO ROSTER_T (RosterID, PlayerID, TeamID, Season, Jersey) VALUES (40,'ferrybo01','DET','1961-62',16);
INSERT INTO ROSTER_T (RosterID, PlayerID, TeamID, Season, Jersey) VALUES (41,'schaydo01','PHI','1961-62',4);
INSERT INTO ROSTER_T (RosterID, PlayerID, TeamID, Season, Jersey) VALUES (42,'ellisle01','LAL','1962-63',25);
INSERT INTO ROSTER_T (RosterID, PlayerID, TeamID, Season, Jersey) VALUES (43,'ferrybo01','DET','1962-63',16);
INSERT INTO ROSTER_T (RosterID, PlayerID, TeamID, Season, Jersey) VALUES (44,'schaydo01','PHI','1962-63',4);
INSERT INTO ROSTER_T (RosterID, PlayerID, TeamID, Season, Jersey) VALUES (45,'ellisle01','LAL','1963-64',25);
INSERT INTO ROSTER_T (RosterID, PlayerID, TeamID, Season, Jersey) VALUES (46,'ferrybo01','DET','1963-64',16);
INSERT INTO ROSTER_T (RosterID, PlayerID, TeamID, Season, Jersey) VALUES (47,'schaydo01','PHI','1963-64',4);
INSERT INTO ROSTER_T (RosterID, PlayerID, TeamID, Season, Jersey) VALUES (48,'ellisle01','LAL','1964-65',25);
INSERT INTO ROSTER_T (RosterID, PlayerID, TeamID, Season, Jersey) VALUES (49,'ferrybo01','WAS','1964-65',12);
INSERT INTO ROSTER_T (RosterID, PlayerID, TeamID, Season, Jersey) VALUES (50,'joneswa02','WAS','1964-65',24);
INSERT INTO ROSTER_T (RosterID, PlayerID, TeamID, Season, Jersey) VALUES (51,'barryri01','GSW','1965-66',24);
INSERT INTO ROSTER_T (RosterID, PlayerID, TeamID, Season, Jersey) VALUES (52,'ellisle01','LAL','1965-66',25);
INSERT INTO ROSTER_T (RosterID, PlayerID, TeamID, Season, Jersey) VALUES (53,'ferrybo01','WAS','1965-66',12);
INSERT INTO ROSTER_T (RosterID, PlayerID, TeamID, Season, Jersey) VALUES (54,'joneswa02','PHI','1965-66',23);
INSERT INTO ROSTER_T (RosterID, PlayerID, TeamID, Season, Jersey) VALUES (55,'barryri01','GSW','1966-67',24);
INSERT INTO ROSTER_T (RosterID, PlayerID, TeamID, Season, Jersey) VALUES (56,'ellisle01','WAS','1966-67',44);
INSERT INTO ROSTER_T (RosterID, PlayerID, TeamID, Season, Jersey) VALUES (57,'ferrybo01','WAS','1966-67',12);
INSERT INTO ROSTER_T (RosterID, PlayerID, TeamID, Season, Jersey) VALUES (58,'guokama02','PHI','1966-67',14);
INSERT INTO ROSTER_T (RosterID, PlayerID, TeamID, Season, Jersey) VALUES (59,'joneswa02','PHI','1966-67',23);
INSERT INTO ROSTER_T (RosterID, PlayerID, TeamID, Season, Jersey) VALUES (60,'ellisle01','WAS','1967-68',44);
INSERT INTO ROSTER_T (RosterID, PlayerID, TeamID, Season, Jersey) VALUES (61,'ferrybo01','WAS','1967-68',12);
INSERT INTO ROSTER_T (RosterID, PlayerID, TeamID, Season, Jersey) VALUES (62,'guokama02','PHI','1967-68',14);
INSERT INTO ROSTER_T (RosterID, PlayerID, TeamID, Season, Jersey) VALUES (63,'joneswa02','PHI','1967-68',24);
INSERT INTO ROSTER_T (RosterID, PlayerID, TeamID, Season, Jersey) VALUES (64,'mannied01','WAS','1967-68',35);
INSERT INTO ROSTER_T (RosterID, PlayerID, TeamID, Season, Jersey) VALUES (65,'salvaal01','VIR','1967-68',15);
INSERT INTO ROSTER_T (RosterID, PlayerID, TeamID, Season, Jersey) VALUES (66,'walkeji01','DET','1967-68',24);
INSERT INTO ROSTER_T (RosterID, PlayerID, TeamID, Season, Jersey) VALUES (67,'barryri01','VIR','1968-69',24);
INSERT INTO ROSTER_T (RosterID, PlayerID, TeamID, Season, Jersey) VALUES (68,'chapmwa01','KEN','1968-69',40);
INSERT INTO ROSTER_T (RosterID, PlayerID, TeamID, Season, Jersey) VALUES (69,'dumasri01','SSL','1968-69',25);
INSERT INTO ROSTER_T (RosterID, PlayerID, TeamID, Season, Jersey) VALUES (70,'ellisle01','WAS','1968-69',44);
INSERT INTO ROSTER_T (RosterID, PlayerID, TeamID, Season, Jersey) VALUES (71,'ferrybo01','WAS','1968-69',12);
INSERT INTO ROSTER_T (RosterID, PlayerID, TeamID, Season, Jersey) VALUES (72,'guokama02','PHI','1968-69',14);
INSERT INTO ROSTER_T (RosterID, PlayerID, TeamID, Season, Jersey) VALUES (73,'joneswa02','PHI','1968-69',24);
INSERT INTO ROSTER_T (RosterID, PlayerID, TeamID, Season, Jersey) VALUES (74,'mannied01','WAS','1968-69',35);
INSERT INTO ROSTER_T (RosterID, PlayerID, TeamID, Season, Jersey) VALUES (75,'piatkwa01','DEN','1968-69',34);
INSERT INTO ROSTER_T (RosterID, PlayerID, TeamID, Season, Jersey) VALUES (76,'walkeji01','DET','1968-69',24);
INSERT INTO ROSTER_T (RosterID, PlayerID, TeamID, Season, Jersey) VALUES (77,'barryri01','VIR','1969-70',24);
INSERT INTO ROSTER_T (RosterID, PlayerID, TeamID, Season, Jersey) VALUES (78,'chapmwa01','KEN','1969-70',30);
INSERT INTO ROSTER_T (RosterID, PlayerID, TeamID, Season, Jersey) VALUES (79,'ellisle01','WAS','1969-70',23);
INSERT INTO ROSTER_T (RosterID, PlayerID, TeamID, Season, Jersey) VALUES (80,'garredi01','LAL','1969-70',20);
INSERT INTO ROSTER_T (RosterID, PlayerID, TeamID, Season, Jersey) VALUES (81,'guokama02','PHI','1969-70',14);
INSERT INTO ROSTER_T (RosterID, PlayerID, TeamID, Season, Jersey) VALUES (82,'joneswa02','PHI','1969-70',24);
INSERT INTO ROSTER_T (RosterID, PlayerID, TeamID, Season, Jersey) VALUES (83,'mannied01','CHI','1969-70',16);
INSERT INTO ROSTER_T (RosterID, PlayerID, TeamID, Season, Jersey) VALUES (84,'mannied01','WAS','1969-70',35);
INSERT INTO ROSTER_T (RosterID, PlayerID, TeamID, Season, Jersey) VALUES (85,'piatkwa01','DEN','1969-70',34);
INSERT INTO ROSTER_T (RosterID, PlayerID, TeamID, Season, Jersey) VALUES (86,'walkeji01','DET','1969-70',24);
INSERT INTO ROSTER_T (RosterID, PlayerID, TeamID, Season, Jersey) VALUES (87,'barryri01','BRK','1970-71',24);
INSERT INTO ROSTER_T (RosterID, PlayerID, TeamID, Season, Jersey) VALUES (88,'chapmwa01','DEN','1970-71',10);
INSERT INTO ROSTER_T (RosterID, PlayerID, TeamID, Season, Jersey) VALUES (89,'chapmwa01','IND','1970-71',22);
INSERT INTO ROSTER_T (RosterID, PlayerID, TeamID, Season, Jersey) VALUES (90,'ellisle01','POR','1970-71',25);
INSERT INTO ROSTER_T (RosterID, PlayerID, TeamID, Season, Jersey) VALUES (91,'garredi01','LAC','1970-71',20);
INSERT INTO ROSTER_T (RosterID, PlayerID, TeamID, Season, Jersey) VALUES (92,'guokama02','CHI','1970-71',24);
INSERT INTO ROSTER_T (RosterID, PlayerID, TeamID, Season, Jersey) VALUES (93,'guokama02','PHI','1970-71',14);
INSERT INTO ROSTER_T (RosterID, PlayerID, TeamID, Season, Jersey) VALUES (94,'higgiea01','IND','1970-71',23);
INSERT INTO ROSTER_T (RosterID, PlayerID, TeamID, Season, Jersey) VALUES (95,'joneswa02','PHI','1970-71',24);
INSERT INTO ROSTER_T (RosterID, PlayerID, TeamID, Season, Jersey) VALUES (96,'mannied01','POR','1970-71',35);
INSERT INTO ROSTER_T (RosterID, PlayerID, TeamID, Season, Jersey) VALUES (97,'maravpe01','ATL','1970-71',44);
INSERT INTO ROSTER_T (RosterID, PlayerID, TeamID, Season, Jersey) VALUES (98,'mikanla01','CLE','1970-71',30);
INSERT INTO ROSTER_T (RosterID, PlayerID, TeamID, Season, Jersey) VALUES (99,'perrycu01','HOU','1970-71',54);
INSERT INTO ROSTER_T (RosterID, PlayerID, TeamID, Season, Jersey) VALUES (100,'walkeji01','DET','1970-71',24);
INSERT INTO ROSTER_T (RosterID, PlayerID, TeamID, Season, Jersey) VALUES (101,'barryri01','BRK','1971-72',24);
INSERT INTO ROSTER_T (RosterID, PlayerID, TeamID, Season, Jersey) VALUES (102,'chapmwa01','IND','1971-72',22);
INSERT INTO ROSTER_T (RosterID, PlayerID, TeamID, Season, Jersey) VALUES (103,'ellisle01','LAL','1971-72',14);
INSERT INTO ROSTER_T (RosterID, PlayerID, TeamID, Season, Jersey) VALUES (104,'garredi01','LAC','1971-72',20);
INSERT INTO ROSTER_T (RosterID, PlayerID, TeamID, Season, Jersey) VALUES (105,'guokama02','SAC','1971-72',24);
INSERT INTO ROSTER_T (RosterID, PlayerID, TeamID, Season, Jersey) VALUES (106,'joneswa02','MIL','1971-72',12);
INSERT INTO ROSTER_T (RosterID, PlayerID, TeamID, Season, Jersey) VALUES (107,'lovest01','WAS','1971-72',13);
INSERT INTO ROSTER_T (RosterID, PlayerID, TeamID, Season, Jersey) VALUES (108,'mannied01','SSL','1971-72',22);
INSERT INTO ROSTER_T (RosterID, PlayerID, TeamID, Season, Jersey) VALUES (109,'maravpe01','ATL','1971-72',44);
INSERT INTO ROSTER_T (RosterID, PlayerID, TeamID, Season, Jersey) VALUES (110,'perrycu01','HOU','1971-72',54);
INSERT INTO ROSTER_T (RosterID, PlayerID, TeamID, Season, Jersey) VALUES (111,'perrycu01','MIL','1971-72',18);
INSERT INTO ROSTER_T (RosterID, PlayerID, TeamID, Season, Jersey) VALUES (112,'piatkwa01','FLO','1971-72',43);
INSERT INTO ROSTER_T (RosterID, PlayerID, TeamID, Season, Jersey) VALUES (113,'szczewa01','PTC','1971-72',21);
INSERT INTO ROSTER_T (RosterID, PlayerID, TeamID, Season, Jersey) VALUES (114,'walkeji01','DET','1971-72',24);
INSERT INTO ROSTER_T (RosterID, PlayerID, TeamID, Season, Jersey) VALUES (115,'barryri01','GSW','1972-73',24);
INSERT INTO ROSTER_T (RosterID, PlayerID, TeamID, Season, Jersey) VALUES (116,'bibbyhe01','NYK','1972-73',17);
INSERT INTO ROSTER_T (RosterID, PlayerID, TeamID, Season, Jersey) VALUES (117,'ellisle01','LAL','1972-73',14);
INSERT INTO ROSTER_T (RosterID, PlayerID, TeamID, Season, Jersey) VALUES (118,'ellisle01','PHI','1972-73',14);
INSERT INTO ROSTER_T (RosterID, PlayerID, TeamID, Season, Jersey) VALUES (119,'garredi01','LAC','1972-73',20);
INSERT INTO ROSTER_T (RosterID, PlayerID, TeamID, Season, Jersey) VALUES (120,'guokama02','SAC','1972-73',24);
INSERT INTO ROSTER_T (RosterID, PlayerID, TeamID, Season, Jersey) VALUES (121,'joneswa02','MIL','1972-73',24);
INSERT INTO ROSTER_T (RosterID, PlayerID, TeamID, Season, Jersey) VALUES (122,'lovest01','WAS','1972-73',13);
INSERT INTO ROSTER_T (RosterID, PlayerID, TeamID, Season, Jersey) VALUES (123,'mannied01','SSL','1972-73',22);
INSERT INTO ROSTER_T (RosterID, PlayerID, TeamID, Season, Jersey) VALUES (124,'maravpe01','ATL','1972-73',44);
INSERT INTO ROSTER_T (RosterID, PlayerID, TeamID, Season, Jersey) VALUES (125,'perrycu01','MIL','1972-73',18);
INSERT INTO ROSTER_T (RosterID, PlayerID, TeamID, Season, Jersey) VALUES (126,'silasja01','SAS','1972-73',13);
INSERT INTO ROSTER_T (RosterID, PlayerID, TeamID, Season, Jersey) VALUES (127,'walkeji01','HOU','1972-73',11);
INSERT INTO ROSTER_T (RosterID, PlayerID, TeamID, Season, Jersey) VALUES (128,'barryri01','GSW','1973-74',24);
INSERT INTO ROSTER_T (RosterID, PlayerID, TeamID, Season, Jersey) VALUES (129,'bibbyhe01','NYK','1973-74',17);
INSERT INTO ROSTER_T (RosterID, PlayerID, TeamID, Season, Jersey) VALUES (130,'ellisle01','PHI','1973-74',14);
INSERT INTO ROSTER_T (RosterID, PlayerID, TeamID, Season, Jersey) VALUES (131,'garredi01','MIL','1973-74',24);
INSERT INTO ROSTER_T (RosterID, PlayerID, TeamID, Season, Jersey) VALUES (132,'garredi01','NYK','1973-74',14);
INSERT INTO ROSTER_T (RosterID, PlayerID, TeamID, Season, Jersey) VALUES (133,'guokama02','HOU','1973-74',11);
INSERT INTO ROSTER_T (RosterID, PlayerID, TeamID, Season, Jersey) VALUES (134,'guokama02','LAC','1973-74',4);
INSERT INTO ROSTER_T (RosterID, PlayerID, TeamID, Season, Jersey) VALUES (135,'guokama02','SAC','1973-74',24);
INSERT INTO ROSTER_T (RosterID, PlayerID, TeamID, Season, Jersey) VALUES (136,'karlge01','SAS','1973-74',22);
INSERT INTO ROSTER_T (RosterID, PlayerID, TeamID, Season, Jersey) VALUES (137,'lovest01','LAL','1973-74',34);
INSERT INTO ROSTER_T (RosterID, PlayerID, TeamID, Season, Jersey) VALUES (138,'mannied01','SSL','1973-74',22);
INSERT INTO ROSTER_T (RosterID, PlayerID, TeamID, Season, Jersey) VALUES (139,'maravpe01','ATL','1973-74',44);
INSERT INTO ROSTER_T (RosterID, PlayerID, TeamID, Season, Jersey) VALUES (140,'mcguial02','NYK','1973-74',16);
INSERT INTO ROSTER_T (RosterID, PlayerID, TeamID, Season, Jersey) VALUES (141,'perrycu01','MIL','1973-74',18);
INSERT INTO ROSTER_T (RosterID, PlayerID, TeamID, Season, Jersey) VALUES (142,'silasja01','SAS','1973-74',13);
INSERT INTO ROSTER_T (RosterID, PlayerID, TeamID, Season, Jersey) VALUES (143,'walkeji01','HOU','1973-74',11);
INSERT INTO ROSTER_T (RosterID, PlayerID, TeamID, Season, Jersey) VALUES (144,'walkeji01','SAC','1973-74',24);
INSERT INTO ROSTER_T (RosterID, PlayerID, TeamID, Season, Jersey) VALUES (145,'barryri01','GSW','1974-75',24);
INSERT INTO ROSTER_T (RosterID, PlayerID, TeamID, Season, Jersey) VALUES (146,'bibbyhe01','NYK','1974-75',17);
INSERT INTO ROSTER_T (RosterID, PlayerID, TeamID, Season, Jersey) VALUES (147,'bibbyhe01','UTA','1974-75',17);
INSERT INTO ROSTER_T (RosterID, PlayerID, TeamID, Season, Jersey) VALUES (148,'ellisle01','PHI','1974-75',25);
INSERT INTO ROSTER_T (RosterID, PlayerID, TeamID, Season, Jersey) VALUES (149,'guokama02','CHI','1974-75',14);
INSERT INTO ROSTER_T (RosterID, PlayerID, TeamID, Season, Jersey) VALUES (150,'joneswa02','UTS','1974-75',11);
INSERT INTO ROSTER_T (RosterID, PlayerID, TeamID, Season, Jersey) VALUES (151,'karlge01','SAS','1974-75',22);
INSERT INTO ROSTER_T (RosterID, PlayerID, TeamID, Season, Jersey) VALUES (152,'lovest01','LAL','1974-75',34);
INSERT INTO ROSTER_T (RosterID, PlayerID, TeamID, Season, Jersey) VALUES (153,'lovest01','SAS','1974-75',34);
INSERT INTO ROSTER_T (RosterID, PlayerID, TeamID, Season, Jersey) VALUES (154,'mannied01','BRK','1974-75',22);
INSERT INTO ROSTER_T (RosterID, PlayerID, TeamID, Season, Jersey) VALUES (155,'maravpe01','UTA','1974-75',44);
INSERT INTO ROSTER_T (RosterID, PlayerID, TeamID, Season, Jersey) VALUES (156,'perrycu01','PHO','1974-75',18);
INSERT INTO ROSTER_T (RosterID, PlayerID, TeamID, Season, Jersey) VALUES (157,'silasja01','SAS','1974-75',13);
INSERT INTO ROSTER_T (RosterID, PlayerID, TeamID, Season, Jersey) VALUES (158,'templco01','SAS','1974-75',40);
INSERT INTO ROSTER_T (RosterID, PlayerID, TeamID, Season, Jersey) VALUES (159,'vanbrja01','DEN','1974-75',32);
INSERT INTO ROSTER_T (RosterID, PlayerID, TeamID, Season, Jersey) VALUES (160,'vaughda01','VIR','1974-75',45);
INSERT INTO ROSTER_T (RosterID, PlayerID, TeamID, Season, Jersey) VALUES (161,'walkeji01','SAC','1974-75',24);
INSERT INTO ROSTER_T (RosterID, PlayerID, TeamID, Season, Jersey) VALUES (162,'waltobi01','POR','1974-75',32);
INSERT INTO ROSTER_T (RosterID, PlayerID, TeamID, Season, Jersey) VALUES (163,'barryri01','GSW','1975-76',24);
INSERT INTO ROSTER_T (RosterID, PlayerID, TeamID, Season, Jersey) VALUES (164,'bibbyhe01','UTA','1975-76',45);
INSERT INTO ROSTER_T (RosterID, PlayerID, TeamID, Season, Jersey) VALUES (165,'bryanjo01','PHI','1975-76',23);
INSERT INTO ROSTER_T (RosterID, PlayerID, TeamID, Season, Jersey) VALUES (166,'ellisle01','PHI','1975-76',25);
INSERT INTO ROSTER_T (RosterID, PlayerID, TeamID, Season, Jersey) VALUES (167,'guokama02','CHI','1975-76',14);
INSERT INTO ROSTER_T (RosterID, PlayerID, TeamID, Season, Jersey) VALUES (168,'guokama02','SAC','1975-76',10);
INSERT INTO ROSTER_T (RosterID, PlayerID, TeamID, Season, Jersey) VALUES (169,'joneswa02','DET','1975-76',9);
INSERT INTO ROSTER_T (RosterID, PlayerID, TeamID, Season, Jersey) VALUES (170,'joneswa02','PHI','1975-76',24);
INSERT INTO ROSTER_T (RosterID, PlayerID, TeamID, Season, Jersey) VALUES (171,'karlge01','SAS','1975-76',22);
INSERT INTO ROSTER_T (RosterID, PlayerID, TeamID, Season, Jersey) VALUES (172,'mannied01','IND','1975-76',42);
INSERT INTO ROSTER_T (RosterID, PlayerID, TeamID, Season, Jersey) VALUES (173,'maravpe01','UTA','1975-76',44);
INSERT INTO ROSTER_T (RosterID, PlayerID, TeamID, Season, Jersey) VALUES (174,'perrycu01','PHO','1975-76',18);
INSERT INTO ROSTER_T (RosterID, PlayerID, TeamID, Season, Jersey) VALUES (175,'silasja01','SAS','1975-76',13);
INSERT INTO ROSTER_T (RosterID, PlayerID, TeamID, Season, Jersey) VALUES (176,'vanbrja01','KEN','1975-76',5);
INSERT INTO ROSTER_T (RosterID, PlayerID, TeamID, Season, Jersey) VALUES (177,'vanbrja01','VIR','1975-76',32);
INSERT INTO ROSTER_T (RosterID, PlayerID, TeamID, Season, Jersey) VALUES (178,'vaughda01','VIR','1975-76',45);
INSERT INTO ROSTER_T (RosterID, PlayerID, TeamID, Season, Jersey) VALUES (179,'walkeji01','SAC','1975-76',24);
INSERT INTO ROSTER_T (RosterID, PlayerID, TeamID, Season, Jersey) VALUES (180,'waltobi01','POR','1975-76',32);
INSERT INTO ROSTER_T (RosterID, PlayerID, TeamID, Season, Jersey) VALUES (181,'barryri01','GSW','1976-77',24);
INSERT INTO ROSTER_T (RosterID, PlayerID, TeamID, Season, Jersey) VALUES (182,'bibbyhe01','PHI','1976-77',14);
INSERT INTO ROSTER_T (RosterID, PlayerID, TeamID, Season, Jersey) VALUES (183,'bryanjo01','PHI','1976-77',23);
INSERT INTO ROSTER_T (RosterID, PlayerID, TeamID, Season, Jersey) VALUES (184,'cookno01','BOS','1976-77',52);
INSERT INTO ROSTER_T (RosterID, PlayerID, TeamID, Season, Jersey) VALUES (185,'dunlemi01','PHI','1976-77',10);
INSERT INTO ROSTER_T (RosterID, PlayerID, TeamID, Season, Jersey) VALUES (186,'karlge01','SAS','1976-77',22);
INSERT INTO ROSTER_T (RosterID, PlayerID, TeamID, Season, Jersey) VALUES (187,'lucasjo01','HOU','1976-77',15);
INSERT INTO ROSTER_T (RosterID, PlayerID, TeamID, Season, Jersey) VALUES (188,'maravpe01','UTA','1976-77',7);
INSERT INTO ROSTER_T (RosterID, PlayerID, TeamID, Season, Jersey) VALUES (189,'maysc01','CHI','1976-77',17);
INSERT INTO ROSTER_T (RosterID, PlayerID, TeamID, Season, Jersey) VALUES (190,'parkeso01','GSW','1976-77',22);
INSERT INTO ROSTER_T (RosterID, PlayerID, TeamID, Season, Jersey) VALUES (191,'perrycu01','PHO','1976-77',18);
INSERT INTO ROSTER_T (RosterID, PlayerID, TeamID, Season, Jersey) VALUES (192,'silasja01','SAS','1976-77',13);
INSERT INTO ROSTER_T (RosterID, PlayerID, TeamID, Season, Jersey) VALUES (193,'vanbrja01','BRK','1976-77',20);
INSERT INTO ROSTER_T (RosterID, PlayerID, TeamID, Season, Jersey) VALUES (194,'waltobi01','POR','1976-77',32);
INSERT INTO ROSTER_T (RosterID, PlayerID, TeamID, Season, Jersey) VALUES (195,'barryri01','GSW','1977-78',24);
INSERT INTO ROSTER_T (RosterID, PlayerID, TeamID, Season, Jersey) VALUES (196,'bibbyhe01','PHI','1977-78',14);
INSERT INTO ROSTER_T (RosterID, PlayerID, TeamID, Season, Jersey) VALUES (197,'bryanjo01','PHI','1977-78',23);
INSERT INTO ROSTER_T (RosterID, PlayerID, TeamID, Season, Jersey) VALUES (198,'cookno01','DEN','1977-78',52);
INSERT INTO ROSTER_T (RosterID, PlayerID, TeamID, Season, Jersey) VALUES (199,'dunlemi01','HOU','1977-78',31);
INSERT INTO ROSTER_T (RosterID, PlayerID, TeamID, Season, Jersey) VALUES (200,'dunlemi01','PHI','1977-78',10);
INSERT INTO ROSTER_T (RosterID, PlayerID, TeamID, Season, Jersey) VALUES (201,'karlge01','SAS','1977-78',22);
INSERT INTO ROSTER_T (RosterID, PlayerID, TeamID, Season, Jersey) VALUES (202,'lucasjo01','HOU','1977-78',15);
INSERT INTO ROSTER_T (RosterID, PlayerID, TeamID, Season, Jersey) VALUES (203,'maravpe01','UTA','1977-78',7);
INSERT INTO ROSTER_T (RosterID, PlayerID, TeamID, Season, Jersey) VALUES (204,'maysc01','CHI','1977-78',17);
INSERT INTO ROSTER_T (RosterID, PlayerID, TeamID, Season, Jersey) VALUES (205,'parkeso01','GSW','1977-78',22);
INSERT INTO ROSTER_T (RosterID, PlayerID, TeamID, Season, Jersey) VALUES (206,'perrycu01','PHO','1977-78',18);
INSERT INTO ROSTER_T (RosterID, PlayerID, TeamID, Season, Jersey) VALUES (207,'silasja01','SAS','1977-78',13);
INSERT INTO ROSTER_T (RosterID, PlayerID, TeamID, Season, Jersey) VALUES (208,'vanbrja01','BRK','1977-78',20);
INSERT INTO ROSTER_T (RosterID, PlayerID, TeamID, Season, Jersey) VALUES (209,'waltobi01','POR','1977-78',32);
INSERT INTO ROSTER_T (RosterID, PlayerID, TeamID, Season, Jersey) VALUES (210,'barryri01','HOU','1978-79',2);
INSERT INTO ROSTER_T (RosterID, PlayerID, TeamID, Season, Jersey) VALUES (211,'bibbyhe01','PHI','1978-79',14);
INSERT INTO ROSTER_T (RosterID, PlayerID, TeamID, Season, Jersey) VALUES (212,'brewero01','POR','1978-79',10);
INSERT INTO ROSTER_T (RosterID, PlayerID, TeamID, Season, Jersey) VALUES (213,'bryanjo01','PHI','1978-79',23);
INSERT INTO ROSTER_T (RosterID, PlayerID, TeamID, Season, Jersey) VALUES (214,'dunlemi01','HOU','1978-79',31);
INSERT INTO ROSTER_T (RosterID, PlayerID, TeamID, Season, Jersey) VALUES (215,'lucasjo01','GSW','1978-79',4);
INSERT INTO ROSTER_T (RosterID, PlayerID, TeamID, Season, Jersey) VALUES (216,'maravpe01','UTA','1978-79',7);
INSERT INTO ROSTER_T (RosterID, PlayerID, TeamID, Season, Jersey) VALUES (217,'maysc01','CHI','1978-79',42);
INSERT INTO ROSTER_T (RosterID, PlayerID, TeamID, Season, Jersey) VALUES (218,'parkeso01','GSW','1978-79',22);
INSERT INTO ROSTER_T (RosterID, PlayerID, TeamID, Season, Jersey) VALUES (219,'silasja01','SAS','1978-79',13);
INSERT INTO ROSTER_T (RosterID, PlayerID, TeamID, Season, Jersey) VALUES (220,'thompmy01','POR','1978-79',43);
INSERT INTO ROSTER_T (RosterID, PlayerID, TeamID, Season, Jersey) VALUES (221,'vanbrja01','BRK','1978-79',20);
INSERT INTO ROSTER_T (RosterID, PlayerID, TeamID, Season, Jersey) VALUES (222,'barryri01','HOU','1979-80',4);
INSERT INTO ROSTER_T (RosterID, PlayerID, TeamID, Season, Jersey) VALUES (223,'bibbyhe01','PHI','1979-80',14);
INSERT INTO ROSTER_T (RosterID, PlayerID, TeamID, Season, Jersey) VALUES (224,'brewero01','POR','1979-80',10);
INSERT INTO ROSTER_T (RosterID, PlayerID, TeamID, Season, Jersey) VALUES (225,'bryanjo01','LAC','1979-80',23);
INSERT INTO ROSTER_T (RosterID, PlayerID, TeamID, Season, Jersey) VALUES (226,'dunlemi01','HOU','1979-80',10);
INSERT INTO ROSTER_T (RosterID, PlayerID, TeamID, Season, Jersey) VALUES (227,'hendege01','BOS','1979-80',43);
INSERT INTO ROSTER_T (RosterID, PlayerID, TeamID, Season, Jersey) VALUES (228,'lucasjo01','GSW','1979-80',4);
INSERT INTO ROSTER_T (RosterID, PlayerID, TeamID, Season, Jersey) VALUES (229,'maravpe01','BOS','1979-80',44);
INSERT INTO ROSTER_T (RosterID, PlayerID, TeamID, Season, Jersey) VALUES (230,'maravpe01','UTA','1979-80',7);
INSERT INTO ROSTER_T (RosterID, PlayerID, TeamID, Season, Jersey) VALUES (231,'maysc01','CHI','1979-80',17);
INSERT INTO ROSTER_T (RosterID, PlayerID, TeamID, Season, Jersey) VALUES (232,'parkeso01','GSW','1979-80',22);
INSERT INTO ROSTER_T (RosterID, PlayerID, TeamID, Season, Jersey) VALUES (233,'paxsoji02','POR','1979-80',4);
INSERT INTO ROSTER_T (RosterID, PlayerID, TeamID, Season, Jersey) VALUES (234,'silasja01','SAS','1979-80',13);
INSERT INTO ROSTER_T (RosterID, PlayerID, TeamID, Season, Jersey) VALUES (235,'vanbrja01','BRK','1979-80',20);
INSERT INTO ROSTER_T (RosterID, PlayerID, TeamID, Season, Jersey) VALUES (236,'waltobi01','LAC','1979-80',32);
INSERT INTO ROSTER_T (RosterID, PlayerID, TeamID, Season, Jersey) VALUES (237,'bibbyhe01','LAC','1980-81',10);
INSERT INTO ROSTER_T (RosterID, PlayerID, TeamID, Season, Jersey) VALUES (238,'brewero01','POR','1980-81',10);
INSERT INTO ROSTER_T (RosterID, PlayerID, TeamID, Season, Jersey) VALUES (239,'brewero01','SAS','1980-81',10);
INSERT INTO ROSTER_T (RosterID, PlayerID, TeamID, Season, Jersey) VALUES (240,'bryanjo01','LAC','1980-81',23);
INSERT INTO ROSTER_T (RosterID, PlayerID, TeamID, Season, Jersey) VALUES (241,'drewla01','DET','1980-81',22);
INSERT INTO ROSTER_T (RosterID, PlayerID, TeamID, Season, Jersey) VALUES (242,'dunlemi01','HOU','1980-81',10);
INSERT INTO ROSTER_T (RosterID, PlayerID, TeamID, Season, Jersey) VALUES (243,'hendege01','BOS','1980-81',43);
INSERT INTO ROSTER_T (RosterID, PlayerID, TeamID, Season, Jersey) VALUES (244,'lucasjo01','GSW','1980-81',4);
INSERT INTO ROSTER_T (RosterID, PlayerID, TeamID, Season, Jersey) VALUES (245,'matthwe01','ATL','1980-81',1);
INSERT INTO ROSTER_T (RosterID, PlayerID, TeamID, Season, Jersey) VALUES (246,'matthwe01','WAS','1980-81',14);
INSERT INTO ROSTER_T (RosterID, PlayerID, TeamID, Season, Jersey) VALUES (247,'maysc01','CHI','1980-81',7);
INSERT INTO ROSTER_T (RosterID, PlayerID, TeamID, Season, Jersey) VALUES (248,'parkeso01','GSW','1980-81',22);
INSERT INTO ROSTER_T (RosterID, PlayerID, TeamID, Season, Jersey) VALUES (249,'paxsoji02','POR','1980-81',4);
INSERT INTO ROSTER_T (RosterID, PlayerID, TeamID, Season, Jersey) VALUES (250,'priceto01','LAC','1980-81',34);
INSERT INTO ROSTER_T (RosterID, PlayerID, TeamID, Season, Jersey) VALUES (251,'silasja01','SAS','1980-81',13);
INSERT INTO ROSTER_T (RosterID, PlayerID, TeamID, Season, Jersey) VALUES (252,'thompmy01','POR','1980-81',43);
INSERT INTO ROSTER_T (RosterID, PlayerID, TeamID, Season, Jersey) VALUES (253,'vanbrja01','BRK','1980-81',22);
INSERT INTO ROSTER_T (RosterID, PlayerID, TeamID, Season, Jersey) VALUES (254,'vandeki01','DEN','1980-81',55);
INSERT INTO ROSTER_T (RosterID, PlayerID, TeamID, Season, Jersey) VALUES (255,'vromabr01','UTA','1980-81',52);
INSERT INTO ROSTER_T (RosterID, PlayerID, TeamID, Season, Jersey) VALUES (256,'brewero01','CLE','1981-82',10);
INSERT INTO ROSTER_T (RosterID, PlayerID, TeamID, Season, Jersey) VALUES (257,'brewero01','SAS','1981-82',10);
INSERT INTO ROSTER_T (RosterID, PlayerID, TeamID, Season, Jersey) VALUES (258,'bryanjo01','LAC','1981-82',23);
INSERT INTO ROSTER_T (RosterID, PlayerID, TeamID, Season, Jersey) VALUES (259,'drewla01','SAC','1981-82',22);
INSERT INTO ROSTER_T (RosterID, PlayerID, TeamID, Season, Jersey) VALUES (260,'dunlemi01','HOU','1981-82',10);
INSERT INTO ROSTER_T (RosterID, PlayerID, TeamID, Season, Jersey) VALUES (261,'hendege01','BOS','1981-82',43);
INSERT INTO ROSTER_T (RosterID, PlayerID, TeamID, Season, Jersey) VALUES (262,'lucasjo01','WAS','1981-82',5);
INSERT INTO ROSTER_T (RosterID, PlayerID, TeamID, Season, Jersey) VALUES (263,'matthwe01','ATL','1981-82',1);
INSERT INTO ROSTER_T (RosterID, PlayerID, TeamID, Season, Jersey) VALUES (264,'maysc01','MIL','1981-82',7);
INSERT INTO ROSTER_T (RosterID, PlayerID, TeamID, Season, Jersey) VALUES (265,'nancela01','PHO','1981-82',22);
INSERT INTO ROSTER_T (RosterID, PlayerID, TeamID, Season, Jersey) VALUES (266,'parkeso01','GSW','1981-82',22);
INSERT INTO ROSTER_T (RosterID, PlayerID, TeamID, Season, Jersey) VALUES (267,'paxsoji02','POR','1981-82',4);
INSERT INTO ROSTER_T (RosterID, PlayerID, TeamID, Season, Jersey) VALUES (268,'schayda01','UTA','1981-82',24);
INSERT INTO ROSTER_T (RosterID, PlayerID, TeamID, Season, Jersey) VALUES (269,'silasja01','CLE','1981-82',13);
INSERT INTO ROSTER_T (RosterID, PlayerID, TeamID, Season, Jersey) VALUES (270,'thompmy01','POR','1981-82',43);
INSERT INTO ROSTER_T (RosterID, PlayerID, TeamID, Season, Jersey) VALUES (271,'vanbrja01','BRK','1981-82',22);
INSERT INTO ROSTER_T (RosterID, PlayerID, TeamID, Season, Jersey) VALUES (272,'vandeki01','DEN','1981-82',55);
INSERT INTO ROSTER_T (RosterID, PlayerID, TeamID, Season, Jersey) VALUES (273,'brewero01','CLE','1982-83',10);
INSERT INTO ROSTER_T (RosterID, PlayerID, TeamID, Season, Jersey) VALUES (274,'brewero01','GSW','1982-83',17);
INSERT INTO ROSTER_T (RosterID, PlayerID, TeamID, Season, Jersey) VALUES (275,'bryanjo01','HOU','1982-83',22);
INSERT INTO ROSTER_T (RosterID, PlayerID, TeamID, Season, Jersey) VALUES (276,'drewla01','SAC','1982-83',22);
INSERT INTO ROSTER_T (RosterID, PlayerID, TeamID, Season, Jersey) VALUES (277,'dunlemi01','SAS','1982-83',10);
INSERT INTO ROSTER_T (RosterID, PlayerID, TeamID, Season, Jersey) VALUES (278,'hendege01','BOS','1982-83',43);
INSERT INTO ROSTER_T (RosterID, PlayerID, TeamID, Season, Jersey) VALUES (279,'higgiro01','CHI','1982-83',22);
INSERT INTO ROSTER_T (RosterID, PlayerID, TeamID, Season, Jersey) VALUES (280,'lucasjo01','WAS','1982-83',5);
INSERT INTO ROSTER_T (RosterID, PlayerID, TeamID, Season, Jersey) VALUES (281,'matthwe01','ATL','1982-83',1);
INSERT INTO ROSTER_T (RosterID, PlayerID, TeamID, Season, Jersey) VALUES (282,'maysc01','DET','1982-83',24);
INSERT INTO ROSTER_T (RosterID, PlayerID, TeamID, Season, Jersey) VALUES (283,'nancela01','PHO','1982-83',22);
INSERT INTO ROSTER_T (RosterID, PlayerID, TeamID, Season, Jersey) VALUES (284,'paxsoji02','POR','1982-83',4);
INSERT INTO ROSTER_T (RosterID, PlayerID, TeamID, Season, Jersey) VALUES (285,'presspa01','MIL','1982-83',25);
INSERT INTO ROSTER_T (RosterID, PlayerID, TeamID, Season, Jersey) VALUES (286,'russewa01','DET','1982-83',33);
INSERT INTO ROSTER_T (RosterID, PlayerID, TeamID, Season, Jersey) VALUES (287,'schayda01','DEN','1982-83',34);
INSERT INTO ROSTER_T (RosterID, PlayerID, TeamID, Season, Jersey) VALUES (288,'schayda01','UTA','1982-83',24);
INSERT INTO ROSTER_T (RosterID, PlayerID, TeamID, Season, Jersey) VALUES (289,'smithde02','GSW','1982-83',41);
INSERT INTO ROSTER_T (RosterID, PlayerID, TeamID, Season, Jersey) VALUES (290,'tayloje01','HOU','1982-83',13);
INSERT INTO ROSTER_T (RosterID, PlayerID, TeamID, Season, Jersey) VALUES (291,'thompmy01','POR','1982-83',43);
INSERT INTO ROSTER_T (RosterID, PlayerID, TeamID, Season, Jersey) VALUES (292,'vanbrja01','BRK','1982-83',22);
INSERT INTO ROSTER_T (RosterID, PlayerID, TeamID, Season, Jersey) VALUES (293,'vandeki01','DEN','1982-83',55);
INSERT INTO ROSTER_T (RosterID, PlayerID, TeamID, Season, Jersey) VALUES (294,'waltobi01','LAC','1982-83',32);
INSERT INTO ROSTER_T (RosterID, PlayerID, TeamID, Season, Jersey) VALUES (295,'brewero01','GSW','1983-84',17);
INSERT INTO ROSTER_T (RosterID, PlayerID, TeamID, Season, Jersey) VALUES (296,'brewero01','SAS','1983-84',10);
INSERT INTO ROSTER_T (RosterID, PlayerID, TeamID, Season, Jersey) VALUES (297,'dayeda01','WAS','1983-84',25);
INSERT INTO ROSTER_T (RosterID, PlayerID, TeamID, Season, Jersey) VALUES (298,'drewla01','SAC','1983-84',22);
INSERT INTO ROSTER_T (RosterID, PlayerID, TeamID, Season, Jersey) VALUES (299,'dunlemi01','MIL','1983-84',10);
INSERT INTO ROSTER_T (RosterID, PlayerID, TeamID, Season, Jersey) VALUES (300,'greensi02','CHI','1983-84',21);
INSERT INTO ROSTER_T (RosterID, PlayerID, TeamID, Season, Jersey) VALUES (301,'hendege01','BOS','1983-84',43);
INSERT INTO ROSTER_T (RosterID, PlayerID, TeamID, Season, Jersey) VALUES (302,'higgiro01','CHI','1983-84',22);
INSERT INTO ROSTER_T (RosterID, PlayerID, TeamID, Season, Jersey) VALUES (303,'lucasjo01','SAS','1983-84',15);
INSERT INTO ROSTER_T (RosterID, PlayerID, TeamID, Season, Jersey) VALUES (304,'mannipa01','GSW','1983-84',20);
INSERT INTO ROSTER_T (RosterID, PlayerID, TeamID, Season, Jersey) VALUES (305,'matthwe01','ATL','1983-84',1);
INSERT INTO ROSTER_T (RosterID, PlayerID, TeamID, Season, Jersey) VALUES (306,'matthwe01','PHI','1983-84',1);
INSERT INTO ROSTER_T (RosterID, PlayerID, TeamID, Season, Jersey) VALUES (307,'nancela01','PHO','1983-84',22);
INSERT INTO ROSTER_T (RosterID, PlayerID, TeamID, Season, Jersey) VALUES (308,'paxsoji02','POR','1983-84',4);
INSERT INTO ROSTER_T (RosterID, PlayerID, TeamID, Season, Jersey) VALUES (309,'paxsojo01','SAS','1983-84',4);
INSERT INTO ROSTER_T (RosterID, PlayerID, TeamID, Season, Jersey) VALUES (310,'presspa01','MIL','1983-84',25);
INSERT INTO ROSTER_T (RosterID, PlayerID, TeamID, Season, Jersey) VALUES (311,'rautile01','PHI','1983-84',11);
INSERT INTO ROSTER_T (RosterID, PlayerID, TeamID, Season, Jersey) VALUES (312,'riverdo01','ATL','1983-84',25);
INSERT INTO ROSTER_T (RosterID, PlayerID, TeamID, Season, Jersey) VALUES (313,'russewa01','DET','1983-84',33);
INSERT INTO ROSTER_T (RosterID, PlayerID, TeamID, Season, Jersey) VALUES (314,'schayda01','DEN','1983-84',34);
INSERT INTO ROSTER_T (RosterID, PlayerID, TeamID, Season, Jersey) VALUES (315,'smithde02','LAC','1983-84',18);
INSERT INTO ROSTER_T (RosterID, PlayerID, TeamID, Season, Jersey) VALUES (316,'thompmy01','POR','1983-84',43);
INSERT INTO ROSTER_T (RosterID, PlayerID, TeamID, Season, Jersey) VALUES (317,'vandeki01','DEN','1983-84',55);
INSERT INTO ROSTER_T (RosterID, PlayerID, TeamID, Season, Jersey) VALUES (318,'waltobi01','LAC','1983-84',32);
INSERT INTO ROSTER_T (RosterID, PlayerID, TeamID, Season, Jersey) VALUES (319,'wiggimi01','CHI','1983-84',15);
INSERT INTO ROSTER_T (RosterID, PlayerID, TeamID, Season, Jersey) VALUES (320,'brewero01','BRK','1984-85',22);
INSERT INTO ROSTER_T (RosterID, PlayerID, TeamID, Season, Jersey) VALUES (321,'brewero01','SAS','1984-85',10);
INSERT INTO ROSTER_T VALUES (322,'dayeda01','WAS','1984-85',25,95000);
INSERT INTO ROSTER_T VALUES (323,'drewla01','SAC','1984-85',22,700000);
INSERT INTO ROSTER_T (RosterID, PlayerID, TeamID, Season, Jersey) VALUES (324,'dunlemi01','MIL','1984-85',10);
INSERT INTO ROSTER_T VALUES (325,'greensi02','CHI','1984-85',21,275000);
INSERT INTO ROSTER_T (RosterID, PlayerID, TeamID, Season, Jersey) VALUES (326,'hendege01','OKC','1984-85',15);
INSERT INTO ROSTER_T VALUES (327,'higgiro01','CHI','1984-85',22,160000);
INSERT INTO ROSTER_T (RosterID, PlayerID, TeamID, Season, Jersey) VALUES (328,'lucasjo01','HOU','1984-85',5);
INSERT INTO ROSTER_T (RosterID, PlayerID, TeamID, Season, Jersey) VALUES (329,'mannipa01','UTA','1984-85',18);
INSERT INTO ROSTER_T (RosterID, PlayerID, TeamID, Season, Jersey) VALUES (330,'matthwe01','CHI','1984-85',1);
INSERT INTO ROSTER_T (RosterID, PlayerID, TeamID, Season, Jersey) VALUES (331,'murphja01','LAC','1984-85',46);
INSERT INTO ROSTER_T VALUES (332,'nancela01','PHO','1984-85',22,400000);
INSERT INTO ROSTER_T (RosterID, PlayerID, TeamID, Season, Jersey) VALUES (333,'paxsoji02','POR','1984-85',4);
INSERT INTO ROSTER_T VALUES (334,'paxsojo01','SAS','1984-85',4,102000);
INSERT INTO ROSTER_T VALUES (335,'presspa01','MIL','1984-85',25,152000);
INSERT INTO ROSTER_T (RosterID, PlayerID, TeamID, Season, Jersey) VALUES (336,'rautile01','ATL','1984-85',7);
INSERT INTO ROSTER_T VALUES (337,'riverdo01','ATL','1984-85',25,105000);
INSERT INTO ROSTER_T (RosterID, PlayerID, TeamID, Season, Jersey) VALUES (338,'russewa01','ATL','1984-85',2);
INSERT INTO ROSTER_T VALUES (339,'schayda01','DEN','1984-85',34,225000);
INSERT INTO ROSTER_T VALUES (340,'smithde02','LAC','1984-85',18,400000);
INSERT INTO ROSTER_T (RosterID, PlayerID, TeamID, Season, Jersey) VALUES (341,'stockjo01','UTA','1984-85',12);
INSERT INTO ROSTER_T VALUES (342,'thompmy01','POR','1984-85',43,750000);
INSERT INTO ROSTER_T VALUES (343,'vandeki01','POR','1984-85',55,755000);
INSERT INTO ROSTER_T VALUES (344,'waltobi01','LAC','1984-85',32,1350000);
INSERT INTO ROSTER_T VALUES (345,'wiggimi01','HOU','1984-85',15,130000);
INSERT INTO ROSTER_T (RosterID, PlayerID, TeamID, Season, Jersey) VALUES (346,'youngmi01','PHO','1984-85',43);
INSERT INTO ROSTER_T VALUES (347,'bolma01','WAS','1985-86',10,137500);
INSERT INTO ROSTER_T (RosterID, PlayerID, TeamID, Season, Jersey) VALUES (348,'brewero01','CHI','1985-86',10);
INSERT INTO ROSTER_T (RosterID, PlayerID, TeamID, Season, Jersey) VALUES (349,'brewero01','CLE','1985-86',10);
INSERT INTO ROSTER_T VALUES (350,'dayeda01','WAS','1985-86',25,120000);
INSERT INTO ROSTER_T VALUES (351,'drewla01','SAC','1985-86',22,600000);
INSERT INTO ROSTER_T VALUES (352,'ewingpa01','NYK','1985-86',33,1250000);
INSERT INTO ROSTER_T VALUES (353,'greensi02','CHI','1985-86',21,350000);
INSERT INTO ROSTER_T VALUES (354,'hendege01','OKC','1985-86',15,350000);
INSERT INTO ROSTER_T VALUES (355,'henryca01','SAC','1985-86',11,85000);
INSERT INTO ROSTER_T VALUES (356,'higgiro01','OKC','1985-86',55,190000);
INSERT INTO ROSTER_T (RosterID, PlayerID, TeamID, Season, Jersey) VALUES (357,'higgiro01','BRK','1985-86',22);
INSERT INTO ROSTER_T (RosterID, PlayerID, TeamID, Season, Jersey) VALUES (358,'higgiro01','CHI','1985-86',22);
INSERT INTO ROSTER_T (RosterID, PlayerID, TeamID, Season, Jersey) VALUES (359,'higgiro01','SAS','1985-86',22);
INSERT INTO ROSTER_T VALUES (360,'lucasjo01','HOU','1985-86',5,231000);
INSERT INTO ROSTER_T VALUES (361,'mannipa01','UTA','1985-86',18,70000);
INSERT INTO ROSTER_T VALUES (362,'matthwe01','SAS','1985-86',1,85000);
INSERT INTO ROSTER_T VALUES (363,'murphja01','LAC','1985-86',46,130000);
INSERT INTO ROSTER_T VALUES (364,'nancela01','PHO','1985-86',22,500000);
INSERT INTO ROSTER_T VALUES (365,'paxsoji02','POR','1985-86',4,500000);
INSERT INTO ROSTER_T VALUES (366,'paxsojo01','CHI','1985-86',5,175000);
INSERT INTO ROSTER_T VALUES (367,'presspa01','MIL','1985-86',25,242000);
INSERT INTO ROSTER_T VALUES (368,'riverdo01','ATL','1985-86',25,170000);
INSERT INTO ROSTER_T (RosterID, PlayerID, TeamID, Season, Jersey) VALUES (369,'russewa01','DET','1985-86',33);
INSERT INTO ROSTER_T VALUES (370,'schayda01','DEN','1985-86',34,350000);
INSERT INTO ROSTER_T VALUES (371,'smithde02','LAC','1985-86',18,375000);
INSERT INTO ROSTER_T VALUES (372,'stockjo01','UTA','1985-86',12,150000);
INSERT INTO ROSTER_T VALUES (373,'thompmy01','POR','1985-86',43,595000);
INSERT INTO ROSTER_T VALUES (374,'vandeki01','POR','1985-86',55,751750);
INSERT INTO ROSTER_T VALUES (375,'waltobi01','BOS','1985-86',5,425000);
INSERT INTO ROSTER_T VALUES (376,'wiggimi01','HOU','1985-86',15,155000);
INSERT INTO ROSTER_T VALUES (377,'wilkige01','NYK','1985-86',21,70000);
INSERT INTO ROSTER_T (RosterID, PlayerID, TeamID, Season, Jersey) VALUES (378,'youngmi01','PHI','1985-86',8);
INSERT INTO ROSTER_T (RosterID, PlayerID, TeamID, Season, Jersey) VALUES (379,'bolma01','WAS','1986-87',10);
INSERT INTO ROSTER_T (RosterID, PlayerID, TeamID, Season, Jersey) VALUES (380,'curryde01','UTA','1986-87',30);
INSERT INTO ROSTER_T (RosterID, PlayerID, TeamID, Season, Jersey) VALUES (381,'dayeda01','BOS','1986-87',20);
INSERT INTO ROSTER_T (RosterID, PlayerID, TeamID, Season, Jersey) VALUES (382,'dayeda01','CHI','1986-87',30);
INSERT INTO ROSTER_T (RosterID, PlayerID, TeamID, Season, Jersey) VALUES (383,'drewla01','LAC','1986-87',2);
INSERT INTO ROSTER_T VALUES (384,'ewingpa01','NYK','1986-87',33,1500000);
INSERT INTO ROSTER_T VALUES (385,'greensi02','DET','1986-87',12,400000);
INSERT INTO ROSTER_T (RosterID, PlayerID, TeamID, Season, Jersey) VALUES (386,'harpero01','CLE','1986-87',4);
INSERT INTO ROSTER_T (RosterID, PlayerID, TeamID, Season, Jersey) VALUES (387,'hendege01','NYK','1986-87',7);
INSERT INTO ROSTER_T (RosterID, PlayerID, TeamID, Season, Jersey) VALUES (388,'hendege01','OKC','1986-87',15);
INSERT INTO ROSTER_T (RosterID, PlayerID, TeamID, Season, Jersey) VALUES (389,'higgiro01','GSW','1986-87',22);
INSERT INTO ROSTER_T (RosterID, PlayerID, TeamID, Season, Jersey) VALUES (390,'lucasjo01','MIL','1986-87',10);
INSERT INTO ROSTER_T (RosterID, PlayerID, TeamID, Season, Jersey) VALUES (391,'mannipa01','BRK','1986-87',20);
INSERT INTO ROSTER_T (RosterID, PlayerID, TeamID, Season, Jersey) VALUES (392,'matthwe01','LAL','1986-87',1);
INSERT INTO ROSTER_T (RosterID, PlayerID, TeamID, Season, Jersey) VALUES (393,'murphja01','WAS','1986-87',42);
INSERT INTO ROSTER_T (RosterID, PlayerID, TeamID, Season, Jersey) VALUES (394,'nancela01','PHO','1986-87',22);
INSERT INTO ROSTER_T (RosterID, PlayerID, TeamID, Season, Jersey) VALUES (395,'paxsoji02','POR','1986-87',4);
INSERT INTO ROSTER_T (RosterID, PlayerID, TeamID, Season, Jersey) VALUES (396,'paxsojo01','CHI','1986-87',5);
INSERT INTO ROSTER_T (RosterID, PlayerID, TeamID, Season, Jersey) VALUES (397,'presspa01','MIL','1986-87',25);
INSERT INTO ROSTER_T VALUES (398,'riverdo01','ATL','1986-87',25,450000);
INSERT INTO ROSTER_T (RosterID, PlayerID, TeamID, Season, Jersey) VALUES (399,'russewa01','IND','1986-87',31);
INSERT INTO ROSTER_T (RosterID, PlayerID, TeamID, Season, Jersey) VALUES (400,'schayda01','DEN','1986-87',34);
INSERT INTO ROSTER_T (RosterID, PlayerID, TeamID, Season, Jersey) VALUES (401,'smithde02','SAC','1986-87',18);
INSERT INTO ROSTER_T (RosterID, PlayerID, TeamID, Season, Jersey) VALUES (402,'stockjo01','UTA','1986-87',12);
INSERT INTO ROSTER_T (RosterID, PlayerID, TeamID, Season, Jersey) VALUES (403,'tayloje01','DET','1986-87',35);
INSERT INTO ROSTER_T (RosterID, PlayerID, TeamID, Season, Jersey) VALUES (404,'thompmy01','LAL','1986-87',43);
INSERT INTO ROSTER_T (RosterID, PlayerID, TeamID, Season, Jersey) VALUES (405,'thompmy01','SAS','1986-87',43);
INSERT INTO ROSTER_T (RosterID, PlayerID, TeamID, Season, Jersey) VALUES (406,'vandeki01','POR','1986-87',55);
INSERT INTO ROSTER_T VALUES (407,'waltobi01','BOS','1986-87',5,425000);
INSERT INTO ROSTER_T (RosterID, PlayerID, TeamID, Season, Jersey) VALUES (408,'washbch01','GSW','1986-87',8);
INSERT INTO ROSTER_T (RosterID, PlayerID, TeamID, Season, Jersey) VALUES (409,'wiggimi01','HOU','1986-87',15);
INSERT INTO ROSTER_T VALUES (410,'wilkige01','NYK','1986-87',21,250000);
INSERT INTO ROSTER_T VALUES (411,'bolma01','WAS','1987-88',10,200000);
INSERT INTO ROSTER_T VALUES (412,'curryde01','CLE','1987-88',30,250000);
INSERT INTO ROSTER_T (RosterID, PlayerID, TeamID, Season, Jersey) VALUES (413,'dayeda01','BOS','1987-88',20);
INSERT INTO ROSTER_T VALUES (414,'drewla01','LAC','1987-88',2,600000);
INSERT INTO ROSTER_T VALUES (415,'ewingpa01','NYK','1987-88',33,2750000);
INSERT INTO ROSTER_T VALUES (416,'garlawi01','GSW','1987-88',12,75000);
INSERT INTO ROSTER_T VALUES (417,'greensi02','NYK','1987-88',44,700000);
INSERT INTO ROSTER_T VALUES (418,'harpero01','CLE','1987-88',4,555500);
INSERT INTO ROSTER_T VALUES (419,'hendege01','PHI','1987-88',12,339250);
INSERT INTO ROSTER_T (RosterID, PlayerID, TeamID, Season, Jersey) VALUES (420,'hendege01','NYK','1987-88',7);
INSERT INTO ROSTER_T VALUES (421,'higgiro01','GSW','1987-88',22,150000);
INSERT INTO ROSTER_T VALUES (422,'lucasjo01','MIL','1987-88',10,600000);
INSERT INTO ROSTER_T (RosterID, PlayerID, TeamID, Season, Jersey) VALUES (423,'mannipa01','MIL','1987-88',3);
INSERT INTO ROSTER_T VALUES (424,'matthwe01','LAL','1987-88',1,120000);
INSERT INTO ROSTER_T VALUES (425,'murphja01','WAS','1987-88',42,150000);
INSERT INTO ROSTER_T VALUES (426,'nancela01','CLE','1987-88',6,625000);
INSERT INTO ROSTER_T (RosterID, PlayerID, TeamID, Season, Jersey) VALUES (427,'nancela01','PHO','1987-88',22);
INSERT INTO ROSTER_T VALUES (428,'paxsoji02','BOS','1987-88',4,875000);
INSERT INTO ROSTER_T (RosterID, PlayerID, TeamID, Season, Jersey) VALUES (429,'paxsoji02','POR','1987-88',4);
INSERT INTO ROSTER_T VALUES (430,'paxsojo01','CHI','1987-88',5,285000);
INSERT INTO ROSTER_T VALUES (431,'pippesc01','CHI','1987-88',33,725000);
INSERT INTO ROSTER_T VALUES (432,'presspa01','MIL','1987-88',25,750000);
INSERT INTO ROSTER_T VALUES (433,'riverdo01','ATL','1987-88',25,450000);
INSERT INTO ROSTER_T (RosterID, PlayerID, TeamID, Season, Jersey) VALUES (434,'russewa01','DET','1987-88',23);
INSERT INTO ROSTER_T VALUES (435,'schayda01','DEN','1987-88',34,425000);
INSERT INTO ROSTER_T VALUES (436,'smithde02','SAC','1987-88',18,900000);
INSERT INTO ROSTER_T VALUES (437,'stockjo01','UTA','1987-88',12,278000);
INSERT INTO ROSTER_T VALUES (438,'thompmy01','LAL','1987-88',43,712000);
INSERT INTO ROSTER_T VALUES (439,'vandeki01','POR','1987-88',55,961000);
INSERT INTO ROSTER_T VALUES (440,'wagnemi01','LAL','1987-88',20,75000);
INSERT INTO ROSTER_T VALUES (441,'washbch01','ATL','1987-88',50,777200);
INSERT INTO ROSTER_T (RosterID, PlayerID, TeamID, Season, Jersey) VALUES (442,'washbch01','GSW','1987-88',8);
INSERT INTO ROSTER_T VALUES (443,'washidu01','BRK','1987-88',14,75000);
INSERT INTO ROSTER_T VALUES (444,'wilkige01','NYK','1987-88',21,246666);
INSERT INTO ROSTER_T (RosterID, PlayerID, TeamID, Season, Jersey) VALUES (445,'winslri01','MIL','1987-88',31);
INSERT INTO ROSTER_T VALUES (446,'bolma01','GSW','1988-89',10,400000);
INSERT INTO ROSTER_T VALUES (447,'chapmre01','CHA','1988-89',3,675000);
INSERT INTO ROSTER_T VALUES (448,'curryde01','CHA','1988-89',30,285000);
INSERT INTO ROSTER_T (RosterID, PlayerID, TeamID, Season, Jersey) VALUES (449,'davisma01','MIL','1988-89',23);
INSERT INTO ROSTER_T (RosterID, PlayerID, TeamID, Season, Jersey) VALUES (450,'davisma01','PHO','1988-89',43);
INSERT INTO ROSTER_T (RosterID, PlayerID, TeamID, Season, Jersey) VALUES (451,'dunlemi01','MIL','1988-89',10);
INSERT INTO ROSTER_T VALUES (452,'ewingpa01','NYK','1988-89',33,3250000);
INSERT INTO ROSTER_T VALUES (453,'garlawi01','GSW','1988-89',12,100000);
INSERT INTO ROSTER_T VALUES (454,'grantha01','WAS','1988-89',44,425000);
INSERT INTO ROSTER_T VALUES (455,'greensi02','NYK','1988-89',44,775000);
INSERT INTO ROSTER_T VALUES (456,'harpero01','CLE','1988-89',4,605500);
INSERT INTO ROSTER_T VALUES (457,'hendege01','PHI','1988-89',12,275000);
INSERT INTO ROSTER_T VALUES (458,'higgiro01','GSW','1988-89',22,350000);
INSERT INTO ROSTER_T VALUES (459,'horfoti01','MIL','1988-89',50,100000);
INSERT INTO ROSTER_T VALUES (460,'lucasjo01','OKC','1988-89',20,350000);
INSERT INTO ROSTER_T VALUES (461,'mannida01','LAC','1988-89',25,1650000);
INSERT INTO ROSTER_T (RosterID, PlayerID, TeamID, Season, Jersey) VALUES (462,'mannipa01','ATL','1988-89',5);
INSERT INTO ROSTER_T (RosterID, PlayerID, TeamID, Season, Jersey) VALUES (463,'mannipa01','DET','1988-89',12);
INSERT INTO ROSTER_T VALUES (464,'nancela01','CLE','1988-89',6,800000);
INSERT INTO ROSTER_T VALUES (465,'paxsoji02','BOS','1988-89',4,400000);
INSERT INTO ROSTER_T VALUES (466,'paxsojo01','CHI','1988-89',5,325000);
INSERT INTO ROSTER_T VALUES (467,'pippesc01','CHI','1988-89',33,575000);
INSERT INTO ROSTER_T VALUES (468,'presspa01','MIL','1988-89',25,800000);
INSERT INTO ROSTER_T VALUES (469,'riverdo01','ATL','1988-89',25,475000);
INSERT INTO ROSTER_T VALUES (470,'schayda01','DEN','1988-89',34,1000000);
INSERT INTO ROSTER_T VALUES (471,'smithde02','SAC','1988-89',18,925000);
INSERT INTO ROSTER_T (RosterID, PlayerID, TeamID, Season, Jersey) VALUES (472,'smithde02','PHI','1988-89',21);
INSERT INTO ROSTER_T VALUES (473,'stockjo01','UTA','1988-89',12,300000);
INSERT INTO ROSTER_T VALUES (474,'thompmy01','LAL','1988-89',43,812000);
INSERT INTO ROSTER_T VALUES (475,'vandeki01','POR','1988-89',55,1054000);
INSERT INTO ROSTER_T (RosterID, PlayerID, TeamID, Season, Jersey) VALUES (476,'vandeki01','NYK','1988-89',55);
INSERT INTO ROSTER_T VALUES (477,'wilkige01','NYK','1988-89',21,625000);
INSERT INTO ROSTER_T (RosterID, PlayerID, TeamID, Season, Jersey) VALUES (478,'bolma01','GSW','1989-90',10);
INSERT INTO ROSTER_T (RosterID, PlayerID, TeamID, Season, Jersey) VALUES (479,'chapmre01','CHA','1989-90',3);
INSERT INTO ROSTER_T (RosterID, PlayerID, TeamID, Season, Jersey) VALUES (480,'curryde01','CHA','1989-90',30);
INSERT INTO ROSTER_T (RosterID, PlayerID, TeamID, Season, Jersey) VALUES (481,'daviste01','MIA','1989-90',44);
INSERT INTO ROSTER_T (RosterID, PlayerID, TeamID, Season, Jersey) VALUES (482,'drewla01','LAL','1989-90',10);
INSERT INTO ROSTER_T (RosterID, PlayerID, TeamID, Season, Jersey) VALUES (483,'dunlemi01','MIL','1989-90',10);
INSERT INTO ROSTER_T VALUES (484,'ewingpa01','NYK','1989-90',33,3750000);
INSERT INTO ROSTER_T (RosterID, PlayerID, TeamID, Season, Jersey) VALUES (485,'garlawi01','GSW','1989-90',12);
INSERT INTO ROSTER_T (RosterID, PlayerID, TeamID, Season, Jersey) VALUES (486,'garlawi01','LAC','1989-90',11);
INSERT INTO ROSTER_T (RosterID, PlayerID, TeamID, Season, Jersey) VALUES (487,'grantha01','WAS','1989-90',44);
INSERT INTO ROSTER_T (RosterID, PlayerID, TeamID, Season, Jersey) VALUES (488,'greensi02','ORL','1989-90',21);
INSERT INTO ROSTER_T (RosterID, PlayerID, TeamID, Season, Jersey) VALUES (489,'hardati01','GSW','1989-90',5);
INSERT INTO ROSTER_T (RosterID, PlayerID, TeamID, Season, Jersey) VALUES (490,'harpero01','CLE','1989-90',4);
INSERT INTO ROSTER_T (RosterID, PlayerID, TeamID, Season, Jersey) VALUES (491,'harpero01','LAC','1989-90',4);
INSERT INTO ROSTER_T (RosterID, PlayerID, TeamID, Season, Jersey) VALUES (492,'hendege01','DET','1989-90',12);
INSERT INTO ROSTER_T (RosterID, PlayerID, TeamID, Season, Jersey) VALUES (493,'hendege01','MIL','1989-90',10);
INSERT INTO ROSTER_T (RosterID, PlayerID, TeamID, Season, Jersey) VALUES (494,'higgiro01','GSW','1989-90',22);
INSERT INTO ROSTER_T (RosterID, PlayerID, TeamID, Season, Jersey) VALUES (495,'horfoti01','MIL','1989-90',50);
INSERT INTO ROSTER_T (RosterID, PlayerID, TeamID, Season, Jersey) VALUES (496,'jacksja01','BRK','1989-90',14);
INSERT INTO ROSTER_T (RosterID, PlayerID, TeamID, Season, Jersey) VALUES (497,'kornefr01','MIL','1989-90',8);
INSERT INTO ROSTER_T (RosterID, PlayerID, TeamID, Season, Jersey) VALUES (498,'lucasjo01','HOU','1989-90',10);
INSERT INTO ROSTER_T VALUES (499,'mannida01','LAC','1989-90',25,2100000);
INSERT INTO ROSTER_T (RosterID, PlayerID, TeamID, Season, Jersey) VALUES (500,'marblro01','ATL','1989-90',22);
INSERT INTO ROSTER_T (RosterID, PlayerID, TeamID, Season, Jersey) VALUES (501,'matthwe01','ATL','1989-90',1);
INSERT INTO ROSTER_T VALUES (502,'nancela01','CLE','1989-90',22,1000000);
INSERT INTO ROSTER_T (RosterID, PlayerID, TeamID, Season, Jersey) VALUES (503,'paxsoji02','BOS','1989-90',4);
INSERT INTO ROSTER_T (RosterID, PlayerID, TeamID, Season, Jersey) VALUES (504,'paxsojo01','CHI','1989-90',5);
INSERT INTO ROSTER_T VALUES (505,'pippesc01','CHI','1989-90',33,765000);
INSERT INTO ROSTER_T (RosterID, PlayerID, TeamID, Season, Jersey) VALUES (506,'presspa01','MIL','1989-90',25);
INSERT INTO ROSTER_T VALUES (507,'ricegl01','MIA','1989-90',41,1600000);
INSERT INTO ROSTER_T (RosterID, PlayerID, TeamID, Season, Jersey) VALUES (508,'riverdo01','ATL','1989-90',25);
INSERT INTO ROSTER_T VALUES (509,'schayda01','DEN','1989-90',34,1500000);
INSERT INTO ROSTER_T (RosterID, PlayerID, TeamID, Season, Jersey) VALUES (510,'smithde02','PHI','1989-90',18);
INSERT INTO ROSTER_T VALUES (511,'stockjo01','UTA','1989-90',12,1050000);
INSERT INTO ROSTER_T (RosterID, PlayerID, TeamID, Season, Jersey) VALUES (512,'thompmy01','LAL','1989-90',43);
INSERT INTO ROSTER_T (RosterID, PlayerID, TeamID, Season, Jersey) VALUES (513,'vandeki01','NYK','1989-90',55);
INSERT INTO ROSTER_T (RosterID, PlayerID, TeamID, Season, Jersey) VALUES (514,'wiggimi01','HOU','1989-90',15);
INSERT INTO ROSTER_T (RosterID, PlayerID, TeamID, Season, Jersey) VALUES (515,'wilkige01','NYK','1989-90',21);
INSERT INTO ROSTER_T (RosterID, PlayerID, TeamID, Season, Jersey) VALUES (516,'youngmi01','LAC','1989-90',42);
INSERT INTO ROSTER_T VALUES (517,'bolma01','PHI','1990-91',11,1300000);
INSERT INTO ROSTER_T VALUES (518,'chapmre01','CHA','1990-91',3,675000);
INSERT INTO ROSTER_T VALUES (519,'cofferi01','MIN','1990-91',33,150000);
INSERT INTO ROSTER_T VALUES (520,'curryde01','CHA','1990-91',30,900000);
INSERT INTO ROSTER_T VALUES (521,'daviste01','MIA','1990-91',44,250000);
INSERT INTO ROSTER_T VALUES (522,'drewla01','LAL','1990-91',10,550000);
INSERT INTO ROSTER_T VALUES (523,'ewingpa01','NYK','1990-91',33,4250000);
INSERT INTO ROSTER_T VALUES (524,'ferryda01','CLE','1990-91',35,2640000);
INSERT INTO ROSTER_T VALUES (525,'garlawi01','LAC','1990-91',11,450000);
INSERT INTO ROSTER_T VALUES (526,'grantha01','WAS','1990-91',44,475000);
INSERT INTO ROSTER_T VALUES (527,'greensi02','SAS','1990-91',21,837000);
INSERT INTO ROSTER_T VALUES (528,'hardati01','GSW','1990-91',5,500000);
INSERT INTO ROSTER_T VALUES (529,'harpero01','LAC','1990-91',4,1365000);
INSERT INTO ROSTER_T VALUES (530,'hendege01','DET','1990-91',12,125000);
INSERT INTO ROSTER_T VALUES (531,'higgiro01','GSW','1990-91',22,500000);
INSERT INTO ROSTER_T VALUES (532,'higgise01','SAS','1990-91',3,150000);
INSERT INTO ROSTER_T VALUES (533,'kornefr01','MIL','1990-91',8,225000);
INSERT INTO ROSTER_T VALUES (534,'mannida01','LAC','1990-91',5,2200000);
INSERT INTO ROSTER_T VALUES (535,'nancela01','CLE','1990-91',22,1260000);
INSERT INTO ROSTER_T VALUES (536,'paxsojo01','CHI','1990-91',5,385000);
INSERT INTO ROSTER_T VALUES (537,'paytoga01','OKC','1990-91',2,1685000);
INSERT INTO ROSTER_T VALUES (538,'pippesc01','CHI','1990-91',33,765000);
INSERT INTO ROSTER_T VALUES (539,'presspa01','SAS','1990-91',8,900000);
INSERT INTO ROSTER_T VALUES (540,'ricegl01','MIA','1990-91',41,1550000);
INSERT INTO ROSTER_T VALUES (541,'riverdo01','ATL','1990-91',25,895000);
INSERT INTO ROSTER_T VALUES (542,'schayda01','MIL','1990-91',10,1500000);
INSERT INTO ROSTER_T VALUES (543,'smithde02','BOS','1990-91',43,315000);
INSERT INTO ROSTER_T VALUES (544,'stockjo01','UTA','1990-91',12,2000000);
INSERT INTO ROSTER_T VALUES (545,'thompmy01','LAL','1990-91',43,615000);
INSERT INTO ROSTER_T VALUES (546,'vandeki01','NYK','1990-91',55,1025000);
INSERT INTO ROSTER_T (RosterID, PlayerID, TeamID, Season, Jersey) VALUES (547,'wagnemi01','MIA','1990-91',25);
INSERT INTO ROSTER_T VALUES (548,'wilkige01','NYK','1990-91',21,725000);
INSERT INTO ROSTER_T VALUES (549,'anthogr01','NYK','1991-92',2,865000);
INSERT INTO ROSTER_T VALUES (550,'bolma01','PHI','1991-92',11,1350000);
INSERT INTO ROSTER_T VALUES (551,'chapmre01','CHA','1991-92',3,940000);
INSERT INTO ROSTER_T (RosterID, PlayerID, TeamID, Season, Jersey) VALUES (552,'chapmre01','WAS','1991-92',3);
INSERT INTO ROSTER_T VALUES (553,'crowdco01','UTA','1991-92',15,130000);
INSERT INTO ROSTER_T VALUES (554,'curryde01','CHA','1991-92',30,1006000);
INSERT INTO ROSTER_T VALUES (555,'davisda01','IND','1991-92',32,430000);
INSERT INTO ROSTER_T VALUES (556,'daviste01','DAL','1991-92',43,382000);
INSERT INTO ROSTER_T VALUES (557,'ellisle02','LAC','1991-92',22,180000);
INSERT INTO ROSTER_T VALUES (558,'ewingpa01','NYK','1991-92',33,3139000);
INSERT INTO ROSTER_T VALUES (559,'ferryda01','CLE','1991-92',35,2843000);
INSERT INTO ROSTER_T VALUES (560,'garlawi01','DEN','1991-92',12,450000);
INSERT INTO ROSTER_T VALUES (561,'grantha01','WAS','1991-92',44,450000);
INSERT INTO ROSTER_T VALUES (562,'greensi02','SAS','1991-92',21,1063000);
INSERT INTO ROSTER_T VALUES (563,'hardati01','GSW','1991-92',10,640000);
INSERT INTO ROSTER_T VALUES (564,'harpero01','LAC','1991-92',4,1650000);
INSERT INTO ROSTER_T (RosterID, PlayerID, TeamID, Season, Jersey) VALUES (565,'hendege01','DET','1991-92',12);
INSERT INTO ROSTER_T (RosterID, PlayerID, TeamID, Season, Jersey) VALUES (566,'hendege01','HOU','1991-92',9);
INSERT INTO ROSTER_T VALUES (567,'higgiro01','GSW','1991-92',22,550000);
INSERT INTO ROSTER_T (RosterID, PlayerID, TeamID, Season, Jersey) VALUES (568,'higgise01','ORL','1991-92',15);
INSERT INTO ROSTER_T (RosterID, PlayerID, TeamID, Season, Jersey) VALUES (569,'higgise01','SAS','1991-92',3);
INSERT INTO ROSTER_T (RosterID, PlayerID, TeamID, Season, Jersey) VALUES (570,'jacksja01','GSW','1991-92',11);
INSERT INTO ROSTER_T VALUES (571,'mannida01','LAC','1991-92',5,2300000);
INSERT INTO ROSTER_T VALUES (572,'nancela01','CLE','1991-92',22,1363000);
INSERT INTO ROSTER_T VALUES (573,'paxsojo01','CHI','1991-92',5,1600000);
INSERT INTO ROSTER_T VALUES (574,'paytoga01','OKC','1991-92',2,1883000);
INSERT INTO ROSTER_T VALUES (575,'pippesc01','CHI','1991-92',33,2770000);
INSERT INTO ROSTER_T VALUES (576,'presspa01','SAS','1991-92',8,1000000);
INSERT INTO ROSTER_T VALUES (577,'ricegl01','MIA','1991-92',41,1302000);
INSERT INTO ROSTER_T VALUES (578,'riverdo01','LAC','1991-92',25,1195000);
INSERT INTO ROSTER_T VALUES (579,'schayda01','MIL','1991-92',10,1600000);
INSERT INTO ROSTER_T VALUES (580,'stockjo01','UTA','1991-92',12,2100000);
INSERT INTO ROSTER_T VALUES (581,'vandeki01','NYK','1991-92',55,1020000);
INSERT INTO ROSTER_T VALUES (582,'wiggimi01','PHI','1991-92',23,335000);
INSERT INTO ROSTER_T VALUES (583,'wilkige01','NYK','1991-92',21,795000);
INSERT INTO ROSTER_T VALUES (584,'anthogr01','NYK','1992-93',2,1067000);
INSERT INTO ROSTER_T VALUES (585,'barryjo01','MIL','1992-93',17,500000);
INSERT INTO ROSTER_T VALUES (586,'bolma01','PHI','1992-93',11,1650000);
INSERT INTO ROSTER_T VALUES (587,'chapmre01','WAS','1992-93',3,2004000);
INSERT INTO ROSTER_T VALUES (588,'curryde01','CHA','1992-93',30,750000);
INSERT INTO ROSTER_T VALUES (589,'davisda01','IND','1992-93',32,559000);
INSERT INTO ROSTER_T VALUES (590,'daviste01','DAL','1992-93',43,1537000);
INSERT INTO ROSTER_T VALUES (591,'dumasri02','PHO','1992-93',21,140000);
INSERT INTO ROSTER_T VALUES (592,'ewingpa01','NYK','1992-93',33,3300000);
INSERT INTO ROSTER_T VALUES (593,'ferryda01','CLE','1992-93',35,3143000);
INSERT INTO ROSTER_T VALUES (594,'garlawi01','HOU','1992-93',22,134000);
INSERT INTO ROSTER_T VALUES (595,'grantha01','WAS','1992-93',44,1625000);
INSERT INTO ROSTER_T VALUES (596,'greensi02','CHA','1992-93',21,1288000);
INSERT INTO ROSTER_T (RosterID, PlayerID, TeamID, Season, Jersey) VALUES (597,'greensi02','SAS','1992-93',21);
INSERT INTO ROSTER_T VALUES (598,'hardati01','GSW','1992-93',10,690000);
INSERT INTO ROSTER_T VALUES (599,'harpero01','LAC','1992-93',4,2220000);
INSERT INTO ROSTER_T (RosterID, PlayerID, TeamID, Season, Jersey) VALUES (600,'higgiro01','SAC','1992-93',21);
INSERT INTO ROSTER_T (RosterID, PlayerID, TeamID, Season, Jersey) VALUES (601,'higgise01','GSW','1992-93',3);
INSERT INTO ROSTER_T VALUES (602,'houstby01','GSW','1992-93',21,500000);
INSERT INTO ROSTER_T VALUES (603,'jacksja01','LAC','1992-93',8,140000);
INSERT INTO ROSTER_T VALUES (604,'mannida01','LAC','1992-93',5,2600000);
INSERT INTO ROSTER_T VALUES (605,'nancela01','CLE','1992-93',22,2775000);
INSERT INTO ROSTER_T VALUES (606,'paxsojo01','CHI','1992-93',5,1200000);
INSERT INTO ROSTER_T VALUES (607,'paytoga01','OKC','1992-93',20,2183000);
INSERT INTO ROSTER_T VALUES (608,'pippesc01','CHI','1992-93',33,3425000);
INSERT INTO ROSTER_T (RosterID, PlayerID, TeamID, Season, Jersey) VALUES (609,'presspa01','GSW','1992-93',5);
INSERT INTO ROSTER_T VALUES (610,'ricegl01','MIA','1992-93',41,1552000);
INSERT INTO ROSTER_T VALUES (611,'riverdo01','NYK','1992-93',25,895000);
INSERT INTO ROSTER_T VALUES (612,'schayda01','MIL','1992-93',10,1600000);
INSERT INTO ROSTER_T VALUES (613,'stockjo01','UTA','1992-93',12,2200000);
INSERT INTO ROSTER_T VALUES (614,'vandeki01','LAC','1992-93',55,140000);
INSERT INTO ROSTER_T (RosterID, PlayerID, TeamID, Season, Jersey) VALUES (615,'washidu01','LAC','1992-93',10);
INSERT INTO ROSTER_T VALUES (616,'wilkige01','CLE','1992-93',21,500000);
INSERT INTO ROSTER_T VALUES (617,'anthogr01','NYK','1993-94',50,1269000);
INSERT INTO ROSTER_T VALUES (618,'barryjo01','MIL','1993-94',17,650000);
INSERT INTO ROSTER_T VALUES (619,'bolma01','MIA','1993-94',10,650000);
INSERT INTO ROSTER_T (RosterID, PlayerID, TeamID, Season, Jersey) VALUES (620,'bolma01','PHI','1993-94',11);
INSERT INTO ROSTER_T (RosterID, PlayerID, TeamID, Season, Jersey) VALUES (621,'bolma01','WAS','1993-94',4);
INSERT INTO ROSTER_T VALUES (622,'chapmre01','WAS','1993-94',3,2004000);
INSERT INTO ROSTER_T VALUES (623,'curryde01','CHA','1993-94',30,1040000);
INSERT INTO ROSTER_T VALUES (624,'davisda01','IND','1993-94',32,688000);
INSERT INTO ROSTER_T VALUES (625,'daviste01','DAL','1993-94',43,1200000);
INSERT INTO ROSTER_T (RosterID, PlayerID, TeamID, Season, Jersey) VALUES (626,'edwarbi01','PHI','1993-94',40);
INSERT INTO ROSTER_T VALUES (627,'ellisle02','CHA','1993-94',43,150000);
INSERT INTO ROSTER_T VALUES (628,'ewingpa01','NYK','1993-94',33,3825000);
INSERT INTO ROSTER_T VALUES (629,'ferryda01','CLE','1993-94',35,3543000);
INSERT INTO ROSTER_T VALUES (630,'grantha01','POR','1993-94',44,2429000);
INSERT INTO ROSTER_T VALUES (631,'harpero01','LAC','1993-94',4,4000000);
INSERT INTO ROSTER_T (RosterID, PlayerID, TeamID, Season, Jersey) VALUES (632,'higgiro01','CLE','1993-94',23);
INSERT INTO ROSTER_T (RosterID, PlayerID, TeamID, Season, Jersey) VALUES (633,'horfoti01','WAS','1993-94',42);
INSERT INTO ROSTER_T VALUES (634,'houstby01','GSW','1993-94',21,600000);
INSERT INTO ROSTER_T (RosterID, PlayerID, TeamID, Season, Jersey) VALUES (635,'jacksja01','POR','1993-94',21);
INSERT INTO ROSTER_T VALUES (636,'mannida01','LAC','1993-94',5,3250000);
INSERT INTO ROSTER_T (RosterID, PlayerID, TeamID, Season, Jersey) VALUES (637,'mannida01','ATL','1993-94',5);
INSERT INTO ROSTER_T (RosterID, PlayerID, TeamID, Season, Jersey) VALUES (638,'marblro01','DEN','1993-94',5);
INSERT INTO ROSTER_T VALUES (639,'nancela01','CLE','1993-94',22,2840000);
INSERT INTO ROSTER_T VALUES (640,'paxsojo01','CHI','1993-94',5,800000);
INSERT INTO ROSTER_T VALUES (641,'paytoga01','OKC','1993-94',20,2383000);
INSERT INTO ROSTER_T VALUES (642,'pippesc01','CHI','1993-94',33,3075000);
INSERT INTO ROSTER_T VALUES (643,'ricegl01','MIA','1993-94',41,2002000);
INSERT INTO ROSTER_T VALUES (644,'riverdo01','NYK','1993-94',25,1110000);
INSERT INTO ROSTER_T VALUES (645,'schayda01','MIL','1993-94',24,1750000);
INSERT INTO ROSTER_T (RosterID, PlayerID, TeamID, Season, Jersey) VALUES (646,'schayda01','LAL','1993-94',26);
INSERT INTO ROSTER_T VALUES (647,'stockjo01','UTA','1993-94',12,2400000);
INSERT INTO ROSTER_T VALUES (648,'wilkige01','CLE','1993-94',21,2278000);
INSERT INTO ROSTER_T VALUES (649,'anthogr01','NYK','1994-95',50,1471000);
INSERT INTO ROSTER_T VALUES (650,'barryjo01','MIL','1994-95',17,800000);
INSERT INTO ROSTER_T VALUES (651,'bolma01','GSW','1994-95',1,200000);
INSERT INTO ROSTER_T VALUES (652,'chapmre01','WAS','1994-95',3,2004500);
INSERT INTO ROSTER_T VALUES (653,'crowdco01','SAS','1994-95',23,142982);
INSERT INTO ROSTER_T VALUES (654,'curryde01','CHA','1994-95',30,1340000);
INSERT INTO ROSTER_T VALUES (655,'davisda01','IND','1994-95',32,4050000);
INSERT INTO ROSTER_T VALUES (656,'daviste01','DAL','1994-95',43,1560000);
INSERT INTO ROSTER_T (RosterID, PlayerID, TeamID, Season, Jersey) VALUES (657,'dumasri02','PHO','1994-95',12);
INSERT INTO ROSTER_T VALUES (658,'ewingpa01','NYK','1994-95',33,4486700);
INSERT INTO ROSTER_T VALUES (659,'ferryda01','CLE','1994-95',35,4042000);
INSERT INTO ROSTER_T VALUES (660,'garlawi01','MIN','1994-95',22,143860);
INSERT INTO ROSTER_T VALUES (661,'grantha01','POR','1994-95',44,2990000);
INSERT INTO ROSTER_T VALUES (662,'hardati01','GSW','1994-95',10,3703000);
INSERT INTO ROSTER_T VALUES (663,'harpero01','CHI','1994-95',9,2400000);
INSERT INTO ROSTER_T VALUES (664,'higgiro01','GSW','1994-95',32,15800);
INSERT INTO ROSTER_T VALUES (665,'higgise01','BRK','1994-95',9,500000);
INSERT INTO ROSTER_T VALUES (666,'houstby01','OKC','1994-95',21,700000);
INSERT INTO ROSTER_T VALUES (667,'howarju01','WAS','1994-95',5,1309000);
INSERT INTO ROSTER_T VALUES (668,'jacksja01','PHI','1994-95',14,140350);
INSERT INTO ROSTER_T VALUES (669,'jonesas01','MIN','1994-95',2,150000);
INSERT INTO ROSTER_T VALUES (670,'mannida01','PHO','1994-95',15,1000000);
INSERT INTO ROSTER_T VALUES (671,'paytoga01','OKC','1994-95',20,2583300);
INSERT INTO ROSTER_T VALUES (672,'piatker01','LAC','1994-95',52,962500);
INSERT INTO ROSTER_T VALUES (673,'pippesc01','CHI','1994-95',33,2225000);
INSERT INTO ROSTER_T VALUES (674,'ricegl01','MIA','1994-95',41,2600000);
INSERT INTO ROSTER_T VALUES (675,'riverdo01','SAS','1994-95',25,109750);
INSERT INTO ROSTER_T VALUES (676,'riverdo01','NYK','1994-95',25,1405000);
INSERT INTO ROSTER_T VALUES (677,'robingl01','MIL','1994-95',13,2900000);
INSERT INTO ROSTER_T VALUES (678,'roseja01','DEN','1994-95',5,975000);
INSERT INTO ROSTER_T VALUES (679,'schayda01','PHO','1994-95',24,672000);
INSERT INTO ROSTER_T VALUES (680,'stockjo01','UTA','1994-95',12,2600000);
INSERT INTO ROSTER_T VALUES (681,'anthogr01','MEM','1995-96',2,1673000);
INSERT INTO ROSTER_T VALUES (682,'barrybr01','LAC','1995-96',31,833000);
INSERT INTO ROSTER_T VALUES (683,'barryjo01','GSW','1995-96',20,275000);
INSERT INTO ROSTER_T (RosterID, PlayerID, TeamID, Season, Jersey) VALUES (684,'bookeme01','HOU','1995-96',9);
INSERT INTO ROSTER_T VALUES (685,'chapmre01','MIA','1995-96',7,2004000);
INSERT INTO ROSTER_T (RosterID, PlayerID, TeamID, Season, Jersey) VALUES (686,'claxtch01','BOS','1995-96',51);
INSERT INTO ROSTER_T VALUES (687,'curryde01','CHA','1995-96',30,1570000);
INSERT INTO ROSTER_T VALUES (688,'davisda01','IND','1995-96',32,4050000);
INSERT INTO ROSTER_T VALUES (689,'daviste01','DAL','1995-96',43,1920000);
INSERT INTO ROSTER_T VALUES (690,'dumasri02','PHI','1995-96',7,225000);
INSERT INTO ROSTER_T VALUES (691,'ellisle02','MIA','1995-96',28,400000);
INSERT INTO ROSTER_T VALUES (692,'ewingpa01','NYK','1995-96',33,18724000);
INSERT INTO ROSTER_T VALUES (693,'ferryda01','CLE','1995-96',35,4643000);
INSERT INTO ROSTER_T VALUES (694,'grantha01','POR','1995-96',44,3551000);
INSERT INTO ROSTER_T VALUES (695,'hardati01','GSW','1995-96',10,3728000);
INSERT INTO ROSTER_T (RosterID, PlayerID, TeamID, Season, Jersey) VALUES (696,'hardati01','MIA','1995-96',10);
INSERT INTO ROSTER_T VALUES (697,'harpero01','CHI','1995-96',9,3120000);
INSERT INTO ROSTER_T VALUES (698,'higgise01','PHI','1995-96',9,500000);
INSERT INTO ROSTER_T VALUES (699,'houstby01','SAC','1995-96',35,800000);
INSERT INTO ROSTER_T VALUES (700,'howarju01','WAS','1995-96',5,1702000);
INSERT INTO ROSTER_T (RosterID, PlayerID, TeamID, Season, Jersey) VALUES (701,'jacksja01','HOU','1995-96',12);
INSERT INTO ROSTER_T VALUES (702,'mannida01','PHO','1995-96',15,6833000);
INSERT INTO ROSTER_T VALUES (703,'paytoga01','OKC','1995-96',20,2783000);
INSERT INTO ROSTER_T VALUES (704,'piatker01','LAC','1995-96',52,1138000);
INSERT INTO ROSTER_T VALUES (705,'pippesc01','CHI','1995-96',33,2925000);
INSERT INTO ROSTER_T VALUES (706,'ricegl01','CHA','1995-96',41,3302000);
INSERT INTO ROSTER_T VALUES (707,'riverdo01','SAS','1995-96',25,1150000);
INSERT INTO ROSTER_T VALUES (708,'robingl01','MIL','1995-96',13,3770000);
INSERT INTO ROSTER_T VALUES (709,'roseja01','DEN','1995-96',5,1268000);
INSERT INTO ROSTER_T VALUES (710,'sabonar01','POR','1995-96',11,2200000);
INSERT INTO ROSTER_T (RosterID, PlayerID, TeamID, Season, Jersey) VALUES (711,'schayda01','MIA','1995-96',24);
INSERT INTO ROSTER_T VALUES (712,'stockjo01','UTA','1995-96',12,2800000);
INSERT INTO ROSTER_T VALUES (713,'trentga01','POR','1995-96',33,1022000);
INSERT INTO ROSTER_T VALUES (714,'vaughda02','ORL','1995-96',42,534000);
INSERT INTO ROSTER_T VALUES (715,'wilkige01','MEM','1995-96',21,2478000);
INSERT INTO ROSTER_T VALUES (716,'anthogr01','MEM','1996-97',2,1875000);
INSERT INTO ROSTER_T VALUES (717,'barrybr01','LAC','1996-97',31,958000);
INSERT INTO ROSTER_T VALUES (718,'barryjo01','ATL','1996-97',17,247500);
INSERT INTO ROSTER_T (RosterID, PlayerID, TeamID, Season, Jersey) VALUES (719,'bookeme01','DEN','1996-97',14);
INSERT INTO ROSTER_T (RosterID, PlayerID, TeamID, Season, Jersey) VALUES (720,'bookeme01','GSW','1996-97',5);
INSERT INTO ROSTER_T VALUES (721,'bryanko01','LAL','1996-97',8,1015000);
INSERT INTO ROSTER_T VALUES (722,'chapmre01','PHO','1996-97',3,247500);
INSERT INTO ROSTER_T VALUES (723,'curryde01','CHA','1996-97',30,1830000);
INSERT INTO ROSTER_T VALUES (724,'davisda01','IND','1996-97',32,6508000);
INSERT INTO ROSTER_T VALUES (725,'ewingpa01','NYK','1996-97',33,3000000);
INSERT INTO ROSTER_T VALUES (726,'ferryda01','CLE','1996-97',35,4643000);
INSERT INTO ROSTER_T VALUES (727,'grantha01','WAS','1996-97',44,4111000);
INSERT INTO ROSTER_T VALUES (728,'hardati01','MIA','1996-97',10,2500000);
INSERT INTO ROSTER_T VALUES (729,'harpero01','CHI','1996-97',9,3840000);
INSERT INTO ROSTER_T VALUES (730,'howarju01','WAS','1996-97',5,9750000);
INSERT INTO ROSTER_T VALUES (731,'jacksja01','WAS','1996-97',32,247500);
INSERT INTO ROSTER_T VALUES (732,'mannida01','PHO','1996-97',15,6833000);
INSERT INTO ROSTER_T (RosterID, PlayerID, TeamID, Season, Jersey) VALUES (733,'nembhru01','POR','1996-97',9);
INSERT INTO ROSTER_T (RosterID, PlayerID, TeamID, Season, Jersey) VALUES (734,'nembhru01','UTA','1996-97',30);
INSERT INTO ROSTER_T VALUES (735,'paytoga01','OKC','1996-97',20,10212000);
INSERT INTO ROSTER_T VALUES (736,'piatker01','LAC','1996-97',52,1363000);
INSERT INTO ROSTER_T VALUES (737,'pippesc01','CHI','1996-97',33,2250000);
INSERT INTO ROSTER_T VALUES (738,'ricegl01','CHA','1996-97',41,4002000);
INSERT INTO ROSTER_T VALUES (739,'robingl01','MIL','1996-97',13,4640000);
INSERT INTO ROSTER_T VALUES (740,'roseja01','IND','1996-97',5,1560000);
INSERT INTO ROSTER_T VALUES (741,'sabonar01','POR','1996-97',11,2640000);
INSERT INTO ROSTER_T VALUES (742,'salvake01','SAC','1996-97',32,247500);
INSERT INTO ROSTER_T VALUES (743,'schayda01','ORL','1996-97',24,575000);
INSERT INTO ROSTER_T VALUES (744,'stockjo01','UTA','1996-97',12,6000000);
INSERT INTO ROSTER_T VALUES (745,'trentga01','POR','1996-97',33,1176000);
INSERT INTO ROSTER_T VALUES (746,'vaughda02','ORL','1996-97',42,614000);
INSERT INTO ROSTER_T VALUES (747,'walkesa01','DAL','1996-97',52,1246000);
INSERT INTO ROSTER_T VALUES (748,'wilkige01','ORL','1996-97',9,247500);
INSERT INTO ROSTER_T VALUES (749,'anthogr01','OKC','1997-98',2,272250);
INSERT INTO ROSTER_T VALUES (750,'barrybr01','LAC','1997-98',31,1082520);
INSERT INTO ROSTER_T (RosterID, PlayerID, TeamID, Season, Jersey) VALUES (751,'barrybr01','MIA','1997-98',17);
INSERT INTO ROSTER_T (RosterID, PlayerID, TeamID, Season, Jersey) VALUES (752,'barrydr01','ATL','1997-98',11);
INSERT INTO ROSTER_T VALUES (753,'barryjo01','LAL','1997-98',20,272500);
INSERT INTO ROSTER_T (RosterID, PlayerID, TeamID, Season, Jersey) VALUES (754,'brunsri01','POR','1997-98',9);
INSERT INTO ROSTER_T VALUES (755,'bryanko01','LAL','1997-98',8,1167240);
INSERT INTO ROSTER_T VALUES (756,'chapmre01','PHO','1997-98',3,326700);
INSERT INTO ROSTER_T VALUES (757,'curryde01','CHA','1997-98',30,3660000);
INSERT INTO ROSTER_T VALUES (758,'davisda01','IND','1997-98',32,5273333);
INSERT INTO ROSTER_T VALUES (759,'daviste01','WAS','1997-98',52,272250);
INSERT INTO ROSTER_T VALUES (760,'ewingpa01','NYK','1997-98',33,20500000);
INSERT INTO ROSTER_T VALUES (761,'ferryda01','CLE','1997-98',35,4000000);
INSERT INTO ROSTER_T VALUES (762,'grantha01','WAS','1997-98',44,4671875);
INSERT INTO ROSTER_T VALUES (763,'hardati01','MIA','1997-98',10,4800000);
INSERT INTO ROSTER_T VALUES (764,'harpero01','CHI','1997-98',9,4560000);
INSERT INTO ROSTER_T VALUES (765,'higgise01','POR','1997-98',19,272250);
INSERT INTO ROSTER_T VALUES (766,'howarju01','WAS','1997-98',5,11250000);
INSERT INTO ROSTER_T VALUES (767,'jacksja01','SAS','1997-98',2,272250);
INSERT INTO ROSTER_T VALUES (768,'mannida01','PHO','1997-98',15,6833333);
INSERT INTO ROSTER_T VALUES (769,'paytoga01','OKC','1997-98',20,10514688);
INSERT INTO ROSTER_T VALUES (770,'piatker01','LAC','1997-98',52,1587500);
INSERT INTO ROSTER_T VALUES (771,'pippesc01','CHI','1997-98',33,2775000);
INSERT INTO ROSTER_T VALUES (772,'ricegl01','CHA','1997-98',41,4702000);
INSERT INTO ROSTER_T VALUES (773,'robingl01','MIL','1997-98',13,5510000);
INSERT INTO ROSTER_T VALUES (774,'roseja01','IND','1997-98',5,1852500);
INSERT INTO ROSTER_T VALUES (775,'sabonar01','POR','1997-98',11,3080000);
INSERT INTO ROSTER_T VALUES (776,'salvake01','SAC','1997-98',32,300000);
INSERT INTO ROSTER_T VALUES (777,'schayda01','ORL','1997-98',24,690000);
INSERT INTO ROSTER_T VALUES (778,'stockjo01','UTA','1997-98',12,5000000);
INSERT INTO ROSTER_T VALUES (779,'trentga01','POR','1997-98',33,1329009);
INSERT INTO ROSTER_T (RosterID, PlayerID, TeamID, Season, Jersey) VALUES (780,'trentga01','TOR','1997-98',33);
INSERT INTO ROSTER_T VALUES (781,'vaughda02','GSW','1997-98',34,693840);
INSERT INTO ROSTER_T (RosterID, PlayerID, TeamID, Season, Jersey) VALUES (782,'vaughda02','BRK','1997-98',42);
INSERT INTO ROSTER_T (RosterID, PlayerID, TeamID, Season, Jersey) VALUES (783,'vaughda02','CHI','1997-98',42);
INSERT INTO ROSTER_T VALUES (784,'walkesa01','DAL','1997-98',52,1433040);
INSERT INTO ROSTER_T VALUES (785,'wilkige01','ORL','1997-98',9,326700);
INSERT INTO ROSTER_T VALUES (786,'anthogr01','POR','1998-99',50,1000000);
INSERT INTO ROSTER_T VALUES (787,'barrybr01','CHI','1998-99',31,3600000);
INSERT INTO ROSTER_T VALUES (788,'barrydr01','OKC','1998-99',12,350000);
INSERT INTO ROSTER_T VALUES (789,'barryjo01','SAC','1998-99',20,600000);
INSERT INTO ROSTER_T VALUES (790,'bibbymi01','MEM','1998-99',10,2400000);
INSERT INTO ROSTER_T VALUES (791,'brunsri01','NYK','1998-99',9,350000);
INSERT INTO ROSTER_T VALUES (792,'bryanko01','LAL','1998-99',8,1319000);
INSERT INTO ROSTER_T VALUES (793,'chapmre01','PHO','1998-99',3,2800000);
INSERT INTO ROSTER_T VALUES (794,'curryde01','MIL','1998-99',30,1000000);
INSERT INTO ROSTER_T VALUES (795,'davisda01','IND','1998-99',32,4038000);
INSERT INTO ROSTER_T VALUES (796,'daviste01','WAS','1998-99',52,1750000);
INSERT INTO ROSTER_T VALUES (797,'ewingpa01','NYK','1998-99',33,18500000);
INSERT INTO ROSTER_T VALUES (798,'ferryda01','CLE','1998-99',35,4000000);
INSERT INTO ROSTER_T VALUES (799,'grantha01','PHI','1998-99',44,1000000);
INSERT INTO ROSTER_T VALUES (800,'hardati01','MIA','1998-99',10,5600000);
INSERT INTO ROSTER_T VALUES (801,'harpero01','CHI','1998-99',9,5280000);
INSERT INTO ROSTER_T VALUES (802,'howarju01','WAS','1998-99',5,13125000);
INSERT INTO ROSTER_T (RosterID, PlayerID, TeamID, Season, Jersey) VALUES (803,'jacksja01','SAS','1998-99',2);
INSERT INTO ROSTER_T VALUES (804,'mannida01','PHO','1998-99',15,6833000);
INSERT INTO ROSTER_T VALUES (805,'paytoga01','OKC','1998-99',20,8715000);
INSERT INTO ROSTER_T VALUES (806,'piatker01','LAC','1998-99',52,1650000);
INSERT INTO ROSTER_T VALUES (807,'pippesc01','HOU','1998-99',33,11000000);
INSERT INTO ROSTER_T VALUES (808,'ricegl01','LAL','1998-99',41,5248000);
INSERT INTO ROSTER_T VALUES (809,'robingl01','MIL','1998-99',13,6380000);
INSERT INTO ROSTER_T VALUES (810,'roseja01','IND','1998-99',5,2145000);
INSERT INTO ROSTER_T VALUES (811,'sabonar01','POR','1998-99',11,9000000);
INSERT INTO ROSTER_T VALUES (812,'schayda01','ORL','1998-99',24,1000000);
INSERT INTO ROSTER_T VALUES (813,'sheppje01','ATL','1998-99',15,287500);
INSERT INTO ROSTER_T VALUES (814,'stockjo01','UTA','1998-99',12,4000000);
INSERT INTO ROSTER_T VALUES (815,'trentga01','DAL','1998-99',33,1000000);
INSERT INTO ROSTER_T VALUES (816,'vaughda02','BRK','1998-99',50,450000);
INSERT INTO ROSTER_T VALUES (817,'walkesa01','DAL','1998-99',52,1619880);
INSERT INTO ROSTER_T VALUES (818,'wilkige01','ORL','1998-99',21,2000000);
INSERT INTO ROSTER_T VALUES (819,'anthogr01','POR','1999-00',50,1100000);
INSERT INTO ROSTER_T VALUES (820,'barrybr01','OKC','1999-00',31,3960000);
INSERT INTO ROSTER_T VALUES (821,'barrydr01','GSW','1999-00',2,62765);
INSERT INTO ROSTER_T (RosterID, PlayerID, TeamID, Season, Jersey) VALUES (822,'barrydr01','ATL','1999-00',17);
INSERT INTO ROSTER_T VALUES (823,'barryjo01','SAC','1999-00',20,800000);
INSERT INTO ROSTER_T VALUES (824,'bibbymi01','MEM','1999-00',10,3092400);
INSERT INTO ROSTER_T VALUES (825,'brunsri01','NYK','1999-00',9,485000);
INSERT INTO ROSTER_T VALUES (826,'bryanko01','LAL','1999-00',8,9000000);
INSERT INTO ROSTER_T VALUES (827,'chapmre01','PHO','1999-00',3,3150000);
INSERT INTO ROSTER_T VALUES (828,'curryde01','TOR','1999-00',30,2100000);
INSERT INTO ROSTER_T VALUES (829,'davisda01','IND','1999-00',32,4490000);
INSERT INTO ROSTER_T VALUES (830,'ewingpa01','NYK','1999-00',33,15000000);
INSERT INTO ROSTER_T VALUES (831,'ferryda01','CLE','1999-00',35,4000000);
INSERT INTO ROSTER_T VALUES (832,'griffad01','BOS','1999-00',44,385000);
INSERT INTO ROSTER_T VALUES (833,'hardati01','MIA','1999-00',10,4800000);
INSERT INTO ROSTER_T VALUES (834,'harpero01','LAL','1999-00',4,2000000);
INSERT INTO ROSTER_T VALUES (835,'howarju01','WAS','1999-00',5,15000000);
INSERT INTO ROSTER_T VALUES (836,'jacksja01','SAS','1999-00',2,2483333);
INSERT INTO ROSTER_T VALUES (837,'mannida01','MIL','1999-00',25,6833333);
INSERT INTO ROSTER_T VALUES (838,'paytoga01','OKC','1999-00',20,11020473);
INSERT INTO ROSTER_T VALUES (839,'piatker01','LAC','1999-00',52,2000000);
INSERT INTO ROSTER_T VALUES (840,'pippesc01','POR','1999-00',33,14795642);
INSERT INTO ROSTER_T VALUES (841,'ricegl01','LAL','1999-00',41,7000000);
INSERT INTO ROSTER_T VALUES (842,'robingl01','MIL','1999-00',13,7250000);
INSERT INTO ROSTER_T VALUES (843,'roseja01','IND','1999-00',5,2437500);
INSERT INTO ROSTER_T VALUES (844,'sabonar01','POR','1999-00',11,9818481);
INSERT INTO ROSTER_T VALUES (845,'stockjo01','UTA','1999-00',12,11000000);
INSERT INTO ROSTER_T VALUES (846,'szczewa02','MIN','1999-00',10,2011440);
INSERT INTO ROSTER_T VALUES (847,'trentga01','DAL','1999-00',33,2000000);
INSERT INTO ROSTER_T VALUES (848,'walkesa01','SAS','1999-00',55,2716667);
INSERT INTO ROSTER_T VALUES (849,'anthogr01','POR','2000-01',50,3500000);
INSERT INTO ROSTER_T VALUES (850,'barrybr01','OKC','2000-01',31,4320000);
INSERT INTO ROSTER_T VALUES (851,'barryjo01','SAC','2000-01',20,2730000);
INSERT INTO ROSTER_T VALUES (852,'bibbymi01','MEM','2000-01',10,3308160);
INSERT INTO ROSTER_T VALUES (853,'brunsri01','NYK','2000-01',9,523500);
INSERT INTO ROSTER_T (RosterID, PlayerID, TeamID, Season, Jersey) VALUES (854,'brunsri01','BOS','2000-01',40);
INSERT INTO ROSTER_T VALUES (855,'bryanko01','LAL','2000-01',8,10130000);
INSERT INTO ROSTER_T VALUES (856,'curryde01','TOR','2000-01',30,2000000);
INSERT INTO ROSTER_T VALUES (857,'davisda01','POR','2000-01',34,6000000);
INSERT INTO ROSTER_T VALUES (858,'daviste01','DEN','2000-01',52,923500);
INSERT INTO ROSTER_T VALUES (859,'ewingpa01','OKC','2000-01',33,14000000);
INSERT INTO ROSTER_T VALUES (860,'ferryda01','SAS','2000-01',35,1200000);
INSERT INTO ROSTER_T VALUES (861,'griffad01','BOS','2000-01',44,498500);
INSERT INTO ROSTER_T VALUES (862,'hardati01','MIA','2000-01',10,12000000);
INSERT INTO ROSTER_T VALUES (863,'harpero01','LAL','2000-01',4,2200000);
INSERT INTO ROSTER_T VALUES (864,'howarju01','WAS','2000-01',5,16875000);
INSERT INTO ROSTER_T (RosterID, PlayerID, TeamID, Season, Jersey) VALUES (865,'howarju01','DAL','2000-01',5);
INSERT INTO ROSTER_T VALUES (866,'jacksja01','SAS','2000-01',2,1750000);
INSERT INTO ROSTER_T VALUES (867,'mannida01','UTA','2000-01',15,1200000);
INSERT INTO ROSTER_T VALUES (868,'martike01','BRK','2000-01',6,3536640);
INSERT INTO ROSTER_T VALUES (869,'paytoga01','OKC','2000-01',20,12200000);
INSERT INTO ROSTER_T VALUES (870,'piatker01','LAC','2000-01',52,2200000);
INSERT INTO ROSTER_T VALUES (871,'pippesc01','POR','2000-01',33,13750000);
INSERT INTO ROSTER_T VALUES (872,'ricegl01','NYK','2000-01',41,7578900);
INSERT INTO ROSTER_T VALUES (873,'robingl01','MIL','2000-01',13,8120000);
INSERT INTO ROSTER_T VALUES (874,'roseja01','IND','2000-01',5,9660000);
INSERT INTO ROSTER_T VALUES (875,'sabonar01','POR','2000-01',11,11250000);
INSERT INTO ROSTER_T VALUES (876,'smithja01','SAC','2000-01',55,316969);
INSERT INTO ROSTER_T VALUES (877,'stockjo01','UTA','2000-01',12,11000000);
INSERT INTO ROSTER_T VALUES (878,'szczewa02','MIN','2000-01',10,2162280);
INSERT INTO ROSTER_T VALUES (879,'trentga01','DAL','2000-01',33,2400000);
INSERT INTO ROSTER_T VALUES (880,'walkesa01','SAS','2000-01',55,2960000);
INSERT INTO ROSTER_T VALUES (881,'anthogr01','CHI','2001-02',50,3000000);
INSERT INTO ROSTER_T (RosterID, PlayerID, TeamID, Season, Jersey) VALUES (882,'anthogr01','MIL','2001-02',50);
INSERT INTO ROSTER_T VALUES (883,'barrybr01','OKC','2001-02',31,4680000);
INSERT INTO ROSTER_T VALUES (884,'barryjo01','DET','2001-02',20,3175000);
INSERT INTO ROSTER_T VALUES (885,'bibbymi01','SAC','2001-02',10,4174893);
INSERT INTO ROSTER_T VALUES (886,'brunsri01','POR','2001-02',9,590850);
INSERT INTO ROSTER_T VALUES (887,'bryanko01','LAL','2001-02',8,11250000);
INSERT INTO ROSTER_T VALUES (888,'curryde01','TOR','2001-02',30,2100000);
INSERT INTO ROSTER_T VALUES (889,'davisda01','POR','2001-02',34,7010000);
INSERT INTO ROSTER_T VALUES (890,'ewingpa01','ORL','2001-02',6,2118420);
INSERT INTO ROSTER_T VALUES (891,'ferryda01','SAS','2001-02',35,1000000);
INSERT INTO ROSTER_T VALUES (892,'griffad01','DAL','2001-02',7,565850);
INSERT INTO ROSTER_T VALUES (893,'hardati01','DAL','2001-02',10,3360390);
INSERT INTO ROSTER_T (RosterID, PlayerID, TeamID, Season, Jersey) VALUES (894,'hardati01','DEN','2001-02',10);
INSERT INTO ROSTER_T VALUES (895,'howarju01','DAL','2001-02',5,18750000);
INSERT INTO ROSTER_T (RosterID, PlayerID, TeamID, Season, Jersey) VALUES (896,'howarju01','DEN','2001-02',7);
INSERT INTO ROSTER_T (RosterID, PlayerID, TeamID, Season, Jersey) VALUES (897,'jacksja01','ORL','2001-02',2);
INSERT INTO ROSTER_T VALUES (898,'mannida01','DAL','2001-02',6,1500000);
INSERT INTO ROSTER_T VALUES (899,'martike01','BRK','2001-02',6,3801960);
INSERT INTO ROSTER_T VALUES (900,'paytoga01','OKC','2001-02',20,12926493);
INSERT INTO ROSTER_T VALUES (901,'piatker01','LAC','2001-02',52,3000000);
INSERT INTO ROSTER_T VALUES (902,'pippesc01','POR','2001-02',33,18083564);
INSERT INTO ROSTER_T VALUES (903,'ricegl01','HOU','2001-02',41,8800000);
INSERT INTO ROSTER_T VALUES (904,'robingl01','MIL','2001-02',13,8990000);
INSERT INTO ROSTER_T VALUES (905,'roseja01','IND','2001-02',5,10865250);
INSERT INTO ROSTER_T (RosterID, PlayerID, TeamID, Season, Jersey) VALUES (906,'roseja01','CHI','2001-02',5);
INSERT INTO ROSTER_T VALUES (907,'smithja01','SAC','2001-02',52,465850);
INSERT INTO ROSTER_T (RosterID, PlayerID, TeamID, Season, Jersey) VALUES (908,'smithja01','PHI','2001-02',41);
INSERT INTO ROSTER_T VALUES (909,'stockjo01','UTA','2001-02',12,7000000);
INSERT INTO ROSTER_T VALUES (910,'szczewa02','MIN','2001-02',10,2313240);
INSERT INTO ROSTER_T VALUES (911,'trentga01','MIN','2001-02',20,715850);
INSERT INTO ROSTER_T VALUES (912,'walkesa01','LAL','2001-02',52,1400000);
INSERT INTO ROSTER_T VALUES (913,'barrybr01','OKC','2002-03',31,5040000);
INSERT INTO ROSTER_T VALUES (914,'barryjo01','DET','2002-03',20,3175000);
INSERT INTO ROSTER_T VALUES (915,'bibbymi01','SAC','2002-03',10,8500000);
INSERT INTO ROSTER_T VALUES (916,'brunsri01','CHI','2002-03',9,699935);
INSERT INTO ROSTER_T VALUES (917,'bryanko01','LAL','2002-03',8,12375000);
INSERT INTO ROSTER_T VALUES (918,'davisda01','POR','2002-03',34,8055000);
INSERT INTO ROSTER_T VALUES (919,'dunlemi02','GSW','2002-03',10,3100080);
INSERT INTO ROSTER_T VALUES (920,'ferryda01','SAS','2002-03',35,4546000);
INSERT INTO ROSTER_T VALUES (921,'griffad01','DAL','2002-03',7,637435);
INSERT INTO ROSTER_T (RosterID, PlayerID, TeamID, Season, Jersey) VALUES (922,'hardati01','IND','2002-03',14);
INSERT INTO ROSTER_T VALUES (923,'howarju01','DEN','2002-03',5,20625000);
INSERT INTO ROSTER_T (RosterID, PlayerID, TeamID, Season, Jersey) VALUES (924,'mannida01','DET','2002-03',5);
INSERT INTO ROSTER_T VALUES (925,'martike01','BRK','2002-03',6,4067160);
INSERT INTO ROSTER_T VALUES (926,'paytoga01','OKC','2002-03',20,12636117);
INSERT INTO ROSTER_T (RosterID, PlayerID, TeamID, Season, Jersey) VALUES (927,'paytoga01','MIL','2002-03',20);
INSERT INTO ROSTER_T VALUES (928,'piatker01','LAC','2002-03',52,3000000);
INSERT INTO ROSTER_T VALUES (929,'pippesc01','POR','2002-03',33,19727524);
INSERT INTO ROSTER_T VALUES (930,'ricegl01','HOU','2002-03',41,9200000);
INSERT INTO ROSTER_T VALUES (931,'robingl01','ATL','2002-03',13,9860000);
INSERT INTO ROSTER_T VALUES (932,'roseja01','CHI','2002-03',5,12072500);
INSERT INTO ROSTER_T VALUES (933,'sabonar01','POR','2002-03',11,6850000);
INSERT INTO ROSTER_T VALUES (934,'stockjo01','UTA','2002-03',12,7875000);
INSERT INTO ROSTER_T VALUES (935,'szczewa02','MIN','2002-03',10,2933187);
INSERT INTO ROSTER_T VALUES (936,'trentga01','MIN','2002-03',20,824935);
INSERT INTO ROSTER_T VALUES (937,'wagneda02','CLE','2002-03',2,2298840);
INSERT INTO ROSTER_T VALUES (938,'walkesa01','LAL','2002-03',52,1540000);
INSERT INTO ROSTER_T VALUES (939,'barrybr01','OKC','2003-04',31,5400000);
INSERT INTO ROSTER_T VALUES (940,'barryjo01','DEN','2003-04',20,3000000);
INSERT INTO ROSTER_T VALUES (941,'bibbymi01','SAC','2003-04',10,9500000);
INSERT INTO ROSTER_T VALUES (942,'brunsri01','CHI','2003-04',9,813679);
INSERT INTO ROSTER_T (RosterID, PlayerID, TeamID, Season, Jersey) VALUES (943,'brunsri01','TOR','2003-04',9);
INSERT INTO ROSTER_T VALUES (944,'bryanko01','LAL','2003-04',8,13500000);
INSERT INTO ROSTER_T VALUES (945,'cookbr01','LAL','2003-04',7,903360);
INSERT INTO ROSTER_T VALUES (946,'davisda01','POR','2003-04',34,9061875);
INSERT INTO ROSTER_T VALUES (947,'dunlemi02','GSW','2003-04',10,3332520);
INSERT INTO ROSTER_T VALUES (948,'griffad01','HOU','2003-04',7,751179);
INSERT INTO ROSTER_T VALUES (949,'howarju01','ORL','2003-04',5,4917000);
INSERT INTO ROSTER_T VALUES (950,'jamesle01','CLE','2003-04',23,4018920);
INSERT INTO ROSTER_T VALUES (951,'martike01','BRK','2003-04',6,5128689);
INSERT INTO ROSTER_T VALUES (952,'paytoga01','LAL','2003-04',20,4917000);
INSERT INTO ROSTER_T VALUES (953,'piatker01','HOU','2003-04',52,2500000);
INSERT INTO ROSTER_T VALUES (954,'pippesc01','CHI','2003-04',33,4917000);
INSERT INTO ROSTER_T VALUES (955,'ricegl01','LAC','2003-04',41,1070000);
INSERT INTO ROSTER_T VALUES (956,'robingl01','PHI','2003-04',31,10730000);
INSERT INTO ROSTER_T VALUES (957,'roseja01','TOR','2003-04',5,13279750);
INSERT INTO ROSTER_T (RosterID, PlayerID, TeamID, Season, Jersey) VALUES (958,'roseja01','CHI','2003-04',5);
INSERT INTO ROSTER_T VALUES (959,'smithja01','SAC','2003-04',55,638679);
INSERT INTO ROSTER_T VALUES (960,'szczewa02','MIN','2003-04',10,8000000);
INSERT INTO ROSTER_T VALUES (961,'trentga01','MIN','2003-04',20,938679);
INSERT INTO ROSTER_T VALUES (962,'wagneda02','CLE','2003-04',2,2471280);
INSERT INTO ROSTER_T VALUES (963,'walkesa01','MIA','2003-04',52,1700000);
INSERT INTO ROSTER_T VALUES (964,'waltolu01','LAL','2003-04',4,366931);
INSERT INTO ROSTER_T VALUES (965,'barrybr01','SAS','2004-05',17,4264900);
INSERT INTO ROSTER_T VALUES (966,'barryjo01','ATL','2004-05',20,1800000);
INSERT INTO ROSTER_T (RosterID, PlayerID, TeamID, Season, Jersey) VALUES (967,'barryjo01','HOU','2004-05',20);
INSERT INTO ROSTER_T VALUES (968,'bibbymi01','SAC','2004-05',10,10500000);
INSERT INTO ROSTER_T VALUES (969,'brunsri01','LAC','2004-05',9,932546);
INSERT INTO ROSTER_T VALUES (970,'bryanko01','LAL','2004-05',8,14175000);
INSERT INTO ROSTER_T VALUES (971,'cookbr01','LAL','2004-05',7,971160);
INSERT INTO ROSTER_T VALUES (972,'davisda01','GSW','2004-05',32,10068750);
INSERT INTO ROSTER_T (RosterID, PlayerID, TeamID, Season, Jersey) VALUES (973,'davisda01','IND','2004-05',32);
INSERT INTO ROSTER_T VALUES (974,'dunlemi02','GSW','2004-05',34,3565080);
INSERT INTO ROSTER_T VALUES (975,'griffad01','CHI','2004-05',44,870046);
INSERT INTO ROSTER_T VALUES (976,'howarju01','HOU','2004-05',5,5408700);
INSERT INTO ROSTER_T VALUES (977,'jamesle01','CLE','2004-05',23,4320360);
INSERT INTO ROSTER_T VALUES (978,'martike01','DEN','2004-05',6,9454546);
INSERT INTO ROSTER_T VALUES (979,'paytoga01','BOS','2004-05',20,5408700);
INSERT INTO ROSTER_T VALUES (980,'piatker01','CHI','2004-05',52,2750000);
INSERT INTO ROSTER_T (RosterID, PlayerID, TeamID, Season, Jersey) VALUES (981,'robingl01','SAS','2004-05',3);
INSERT INTO ROSTER_T VALUES (982,'roseja01','TOR','2004-05',5,14487000);
INSERT INTO ROSTER_T VALUES (983,'smithja01','BRK','2004-05',55,720046);
INSERT INTO ROSTER_T VALUES (984,'szczewa02','MIN','2004-05',10,9000000);
INSERT INTO ROSTER_T VALUES (985,'vromaja01','PHO','2004-05',4,385277);
INSERT INTO ROSTER_T (RosterID, PlayerID, TeamID, Season, Jersey) VALUES (986,'vromaja01','NOH','2004-05',4);
INSERT INTO ROSTER_T VALUES (987,'wagneda02','CLE','2004-05',2,2643600);
INSERT INTO ROSTER_T VALUES (988,'walkesa01','WAS','2004-05',52,995046);
INSERT INTO ROSTER_T VALUES (989,'waltolu01','LAL','2004-05',4,620046);
INSERT INTO ROSTER_T VALUES (990,'wilkida02','OKC','2004-05',12,385277);
INSERT INTO ROSTER_T VALUES (991,'barrybr01','SAS','2005-06',17,4691390);
INSERT INTO ROSTER_T VALUES (992,'barryjo01','HOU','2005-06',20,1800000);
INSERT INTO ROSTER_T VALUES (993,'bibbymi01','SAC','2005-06',10,11500000);
INSERT INTO ROSTER_T VALUES (994,'brunsri01','OKC','2005-06',5,1029873);
INSERT INTO ROSTER_T (RosterID, PlayerID, TeamID, Season, Jersey) VALUES (995,'brunsri01','HOU','2005-06',9);
INSERT INTO ROSTER_T VALUES (996,'bryanko01','LAL','2005-06',8,15946875);
INSERT INTO ROSTER_T VALUES (997,'cookbr01','LAL','2005-06',43,1038960);
INSERT INTO ROSTER_T VALUES (998,'davisda01','DET','2005-06',34,3500000);
INSERT INTO ROSTER_T VALUES (999,'dunlemi02','GSW','2005-06',34,4506261);
INSERT INTO ROSTER_T VALUES (1000,'griffad01','DAL','2005-06',44,768718);
INSERT INTO ROSTER_T VALUES (1001,'howarju01','HOU','2005-06',5,5900400);
INSERT INTO ROSTER_T VALUES (1002,'jamesle01','CLE','2005-06',23,4621800);
INSERT INTO ROSTER_T VALUES (1003,'lucasjo02','HOU','2005-06',15,34041);
INSERT INTO ROSTER_T VALUES (1004,'martike01','DEN','2005-06',6,10636364);
INSERT INTO ROSTER_T VALUES (1005,'mayse01','CHA','2005-06',42,1619280);
INSERT INTO ROSTER_T VALUES (1006,'paytoga01','MIA','2005-06',20,1138500);
INSERT INTO ROSTER_T VALUES (1007,'piatker01','CHI','2005-06',52,3000000);
INSERT INTO ROSTER_T VALUES (1008,'roseja01','TOR','2005-06',5,15694250);
INSERT INTO ROSTER_T (RosterID, PlayerID, TeamID, Season, Jersey) VALUES (1009,'roseja01','NYK','2005-06',5);
INSERT INTO ROSTER_T VALUES (1010,'szczewa02','MIN','2005-06',10,10000000);
INSERT INTO ROSTER_T (RosterID, PlayerID, TeamID, Season, Jersey) VALUES (1011,'szczewa02','BOS','2005-06',55);
INSERT INTO ROSTER_T VALUES (1012,'vromaja01','NOH','2005-06',4,682051);
INSERT INTO ROSTER_T VALUES (1013,'walkesa01','IND','2005-06',52,364223);
INSERT INTO ROSTER_T VALUES (1014,'waltolu01','LAL','2005-06',4,1250000);
INSERT INTO ROSTER_T VALUES (1015,'wilkida02','OKC','2005-06',12,2500000);
INSERT INTO ROSTER_T VALUES (1016,'barrybr01','SAS','2006-07',17,5117880);
INSERT INTO ROSTER_T VALUES (1017,'bibbymi01','SAC','2006-07',10,12500000);
INSERT INTO ROSTER_T VALUES (1018,'brewero02','UTA','2006-07',9,1595400);
INSERT INTO ROSTER_T VALUES (1019,'bryanko01','LAL','2006-07',8,17718750);
INSERT INTO ROSTER_T VALUES (1020,'cookbr01','LAL','2006-07',43,1817141);
INSERT INTO ROSTER_T VALUES (1021,'davisda01','DET','2006-07',34,3500000);
INSERT INTO ROSTER_T VALUES (1022,'dunlemi02','IND','2006-07',17,7438016);
INSERT INTO ROSTER_T (RosterID, PlayerID, TeamID, Season, Jersey) VALUES (1023,'dunlemi02','GSW','2006-07',34);
INSERT INTO ROSTER_T VALUES (1024,'griffad01','CHI','2006-07',44,1475000);
INSERT INTO ROSTER_T VALUES (1025,'howarju01','HOU','2006-07',5,6392100);
INSERT INTO ROSTER_T VALUES (1026,'jamesle01','CLE','2006-07',23,5828090);
INSERT INTO ROSTER_T VALUES (1027,'lucasjo02','HOU','2006-07',15,700000);
INSERT INTO ROSTER_T VALUES (1028,'martike01','DEN','2006-07',6,12068182);
INSERT INTO ROSTER_T VALUES (1029,'mayse01','CHA','2006-07',42,1740720);
INSERT INTO ROSTER_T VALUES (1030,'paytoga01','MIA','2006-07',20,1178348);
INSERT INTO ROSTER_T VALUES (1031,'piatker01','PHO','2006-07',52,1178348);
INSERT INTO ROSTER_T VALUES (1032,'roseja01','PHO','2006-07',8,1540000);
INSERT INTO ROSTER_T VALUES (1033,'szczewa02','BOS','2006-07',55,11775000);
INSERT INTO ROSTER_T VALUES (1034,'wagneda02','GSW','2006-07',0,771331);
INSERT INTO ROSTER_T VALUES (1035,'waltolu01','LAL','2006-07',4,1375000);
INSERT INTO ROSTER_T VALUES (1036,'wilkida02','OKC','2006-07',12,2700000);
INSERT INTO ROSTER_T (RosterID, PlayerID, TeamID, Season, Jersey) VALUES (1037,'barrybr01','SAS','2007-08',17);
INSERT INTO ROSTER_T VALUES (1038,'bibbymi01','ATL','2007-08',10,13500000);
INSERT INTO ROSTER_T (RosterID, PlayerID, TeamID, Season, Jersey) VALUES (1039,'bibbymi01','SAC','2007-08',10);
INSERT INTO ROSTER_T VALUES (1040,'brewero02','UTA','2007-08',9,1715040);
INSERT INTO ROSTER_T VALUES (1041,'bryanko01','LAL','2007-08',24,19490625);
INSERT INTO ROSTER_T VALUES (1042,'cookbr01','ORL','2007-08',34,3500000);
INSERT INTO ROSTER_T (RosterID, PlayerID, TeamID, Season, Jersey) VALUES (1043,'cookbr01','LAL','2007-08',43);
INSERT INTO ROSTER_T VALUES (1044,'dunlemi02','IND','2007-08',17,8219008);
INSERT INTO ROSTER_T VALUES (1045,'greenta01','DEN','2007-08',0,427163);
INSERT INTO ROSTER_T (RosterID, PlayerID, TeamID, Season, Jersey) VALUES (1046,'greenta01','POR','2007-08',0);
INSERT INTO ROSTER_T VALUES (1047,'griffad01','OKC','2007-08',44,1593000);
INSERT INTO ROSTER_T (RosterID, PlayerID, TeamID, Season, Jersey) VALUES (1048,'griffad01','CHI','2007-08',44);
INSERT INTO ROSTER_T VALUES (1049,'horfoal01','ATL','2007-08',15,3745800);
INSERT INTO ROSTER_T VALUES (1050,'howarju01','DAL','2007-08',55,1211197);
INSERT INTO ROSTER_T VALUES (1051,'jamesle01','CLE','2007-08',23,13041250);
INSERT INTO ROSTER_T VALUES (1052,'karlco01','LAL','2007-08',11,427163);
INSERT INTO ROSTER_T VALUES (1053,'martike01','DEN','2007-08',4,13250000);
INSERT INTO ROSTER_T VALUES (1054,'piatker01','PHO','2007-08',52,1219590);
INSERT INTO ROSTER_T VALUES (1055,'szczewa02','CLE','2007-08',10,12775000);
INSERT INTO ROSTER_T (RosterID, PlayerID, TeamID, Season, Jersey) VALUES (1056,'szczewa02','OKC','2007-08',3);
INSERT INTO ROSTER_T VALUES (1057,'waltolu01','LAL','2007-08',4,4000000);
INSERT INTO ROSTER_T VALUES (1058,'wilkida02','OKC','2007-08',21,2900000);
INSERT INTO ROSTER_T VALUES (1059,'barrybr01','HOU','2008-09',17,1910000);
INSERT INTO ROSTER_T VALUES (1060,'bibbymi01','ATL','2008-09',10,14983603);
INSERT INTO ROSTER_T VALUES (1061,'brewero02','UTA','2008-09',9,1834680);
INSERT INTO ROSTER_T VALUES (1062,'bryanko01','LAL','2008-09',24,21262500);
INSERT INTO ROSTER_T VALUES (1063,'cookbr01','HOU','2008-09',43,3500000);
INSERT INTO ROSTER_T (RosterID, PlayerID, TeamID, Season, Jersey) VALUES (1064,'cookbr01','ORL','2008-09',34);
INSERT INTO ROSTER_T VALUES (1065,'dunlemi02','IND','2008-09',17,9000000);
INSERT INTO ROSTER_T VALUES (1066,'horfoal01','ATL','2008-09',15,4026720);
INSERT INTO ROSTER_T VALUES (1067,'howarju01','DEN','2008-09',5,51976);
INSERT INTO ROSTER_T VALUES (1068,'howarju01','CHA','2008-09',5,928143);
INSERT INTO ROSTER_T VALUES (1069,'jamesle01','CLE','2008-09',23,14410581);
INSERT INTO ROSTER_T VALUES (1070,'loveke01','MIN','2008-09',42,3163680);
INSERT INTO ROSTER_T VALUES (1071,'martike01','DEN','2008-09',4,14431816);
INSERT INTO ROSTER_T VALUES (1072,'mayse01','CHA','2008-09',42,2661027);
INSERT INTO ROSTER_T VALUES (1073,'szczewa02','CLE','2008-09',10,13775000);
INSERT INTO ROSTER_T VALUES (1074,'waltolu01','LAL','2008-09',4,4420000);
INSERT INTO ROSTER_T VALUES (1075,'wilkida02','OKC','2008-09',21,3100000);
INSERT INTO ROSTER_T VALUES (1076,'bibbymi01','ATL','2009-10',10,6217617);
INSERT INTO ROSTER_T VALUES (1077,'brewero02','MEM','2009-10',9,2717161);
INSERT INTO ROSTER_T (RosterID, PlayerID, TeamID, Season, Jersey) VALUES (1078,'brewero02','UTA','2009-10',9);
INSERT INTO ROSTER_T VALUES (1079,'bryanko01','LAL','2009-10',24,23034375);
INSERT INTO ROSTER_T VALUES (1080,'cookbr01','HOU','2009-10',43,3500000);
INSERT INTO ROSTER_T VALUES (1081,'curryst01','GSW','2009-10',30,2710560);
INSERT INTO ROSTER_T VALUES (1082,'dayeau01','DET','2009-10',5,1677840);
INSERT INTO ROSTER_T VALUES (1083,'dunlemi02','IND','2009-10',17,9780992);
INSERT INTO ROSTER_T VALUES (1084,'hendege02','CHA','2009-10',15,1957080);
INSERT INTO ROSTER_T VALUES (1085,'horfoal01','ATL','2009-10',15,4307640);
INSERT INTO ROSTER_T VALUES (1086,'howarju01','POR','2009-10',6,1306455);
INSERT INTO ROSTER_T VALUES (1087,'jamesle01','CLE','2009-10',23,15779912);
INSERT INTO ROSTER_T VALUES (1088,'karlco01','GSW','2009-10',11,43319);
INSERT INTO ROSTER_T VALUES (1089,'karlco01','CLE','2009-10',5,311896);
INSERT INTO ROSTER_T VALUES (1090,'loveke01','MIN','2009-10',42,3401040);
INSERT INTO ROSTER_T VALUES (1091,'martike01','DEN','2009-10',4,15363636);
INSERT INTO ROSTER_T VALUES (1092,'matthwe02','UTA','2009-10',23,457588);
INSERT INTO ROSTER_T VALUES (1093,'mayse01','SAC','2009-10',42,884881);
INSERT INTO ROSTER_T VALUES (1094,'priceaj01','IND','2009-10',22,457588);
INSERT INTO ROSTER_T (RosterID, PlayerID, TeamID, Season, Jersey) VALUES (1095,'templga01','HOU','2009-10',2);
INSERT INTO ROSTER_T (RosterID, PlayerID, TeamID, Season, Jersey) VALUES (1096,'templga01','SAC','2009-10',17);
INSERT INTO ROSTER_T (RosterID, PlayerID, TeamID, Season, Jersey) VALUES (1097,'templga01','SAS','2009-10',2);
INSERT INTO ROSTER_T VALUES (1098,'waltolu01','LAL','2009-10',4,4840000);
INSERT INTO ROSTER_T VALUES (1099,'wilkida02','MIN','2009-10',3,3300000);
INSERT INTO ROSTER_T VALUES (1100,'bibbymi01','WAS','2010-11',0,5564767);
INSERT INTO ROSTER_T (RosterID, PlayerID, TeamID, Season, Jersey) VALUES (1101,'bibbymi01','ATL','2010-11',10);
INSERT INTO ROSTER_T (RosterID, PlayerID, TeamID, Season, Jersey) VALUES (1102,'bibbymi01','MIA','2010-11',0);
INSERT INTO ROSTER_T VALUES (1103,'brewero02','CHI','2010-11',11,4790000);
INSERT INTO ROSTER_T VALUES (1104,'bryanko01','LAL','2010-11',24,24806250);
INSERT INTO ROSTER_T VALUES (1105,'cookbr01','LAC','2010-11',34,1146337);
INSERT INTO ROSTER_T VALUES (1106,'curryst01','GSW','2010-11',30,2913840);
INSERT INTO ROSTER_T VALUES (1107,'davised01','TOR','2010-11',32,1919160);
INSERT INTO ROSTER_T VALUES (1108,'dayeau01','DET','2010-11',5,1803720);
INSERT INTO ROSTER_T VALUES (1109,'dunlemi02','IND','2010-11',17,10561984);
INSERT INTO ROSTER_T (RosterID, PlayerID, TeamID, Season, Jersey) VALUES (1110,'ewingpa02','NOH','2010-11',22);
INSERT INTO ROSTER_T VALUES (1111,'hendege02','CHA','2010-11',15,2103840);
INSERT INTO ROSTER_T VALUES (1112,'henryxa01','MEM','2010-11',13,2020200);
INSERT INTO ROSTER_T VALUES (1113,'horfoal01','ATL','2010-11',15,5444857);
INSERT INTO ROSTER_T VALUES (1114,'howarju01','MIA','2010-11',5,1352181);
INSERT INTO ROSTER_T VALUES (1115,'jamesle01','MIA','2010-11',6,14500000);
INSERT INTO ROSTER_T VALUES (1116,'loveke01','MIN','2010-11',42,3638280);
INSERT INTO ROSTER_T VALUES (1117,'lucasjo02','CHI','2010-11',15,208264);
INSERT INTO ROSTER_T VALUES (1118,'martike01','DEN','2010-11',4,16545454);
INSERT INTO ROSTER_T VALUES (1119,'matthwe02','POR','2010-11',2,5765000);
INSERT INTO ROSTER_T VALUES (1120,'priceaj01','IND','2010-11',22,762195);
INSERT INTO ROSTER_T VALUES (1121,'rautian01','NYK','2010-11',11,600000);
INSERT INTO ROSTER_T VALUES (1122,'templga01','SAS','2010-11',2,71736);
INSERT INTO ROSTER_T VALUES (1123,'templga01','MIL','2010-11',41,98637);
INSERT INTO ROSTER_T (RosterID, PlayerID, TeamID, Season, Jersey) VALUES (1124,'templga01','CHA','2010-11',41);
INSERT INTO ROSTER_T VALUES (1125,'waltolu01','LAL','2010-11',4,5260000);
INSERT INTO ROSTER_T VALUES (1126,'wilkida02','ATL','2010-11',3,748656);
INSERT INTO ROSTER_T VALUES (1127,'bibbymi01','NYK','2011-12',20,1352181);
INSERT INTO ROSTER_T VALUES (1128,'brewero02','CHI','2011-12',11,4710000);
INSERT INTO ROSTER_T VALUES (1129,'bryanko01','LAL','2011-12',24,25244493);
INSERT INTO ROSTER_T VALUES (1130,'cookbr01','LAC','2011-12',34,1223166);
INSERT INTO ROSTER_T (RosterID, PlayerID, TeamID, Season, Jersey) VALUES (1131,'cookbr01','WAS','2011-12',43);
INSERT INTO ROSTER_T VALUES (1132,'curryst01','GSW','2011-12',30,3117120);
INSERT INTO ROSTER_T VALUES (1133,'davised01','TOR','2011-12',32,2063040);
INSERT INTO ROSTER_T VALUES (1134,'dayeau01','DET','2011-12',5,1929600);
INSERT INTO ROSTER_T VALUES (1135,'dunlemi02','MIL','2011-12',17,3750000);
INSERT INTO ROSTER_T VALUES (1136,'hendege02','CHA','2011-12',15,2250600);
INSERT INTO ROSTER_T VALUES (1137,'henryxa01','NOH','2011-12',4,2171640);
INSERT INTO ROSTER_T VALUES (1138,'higgico01','CHA','2011-12',11,473604);
INSERT INTO ROSTER_T VALUES (1139,'horfoal01','ATL','2011-12',15,12000000);
INSERT INTO ROSTER_T VALUES (1140,'howarju01','MIA','2011-12',5,1352181);
INSERT INTO ROSTER_T VALUES (1141,'jamesle01','MIA','2011-12',6,16022500);
INSERT INTO ROSTER_T VALUES (1142,'loveke01','MIN','2011-12',42,4609701);
INSERT INTO ROSTER_T VALUES (1143,'lucasjo02','CHI','2011-12',15,915852);
INSERT INTO ROSTER_T VALUES (1144,'martike01','LAC','2011-12',2,2500000);
INSERT INTO ROSTER_T VALUES (1145,'matthwe02','POR','2011-12',2,6135160);
INSERT INTO ROSTER_T VALUES (1146,'priceaj01','IND','2011-12',12,854389);
INSERT INTO ROSTER_T VALUES (1147,'russewa02','DET','2011-12',23,374289);
INSERT INTO ROSTER_T (RosterID, PlayerID, TeamID, Season, Jersey) VALUES (1148,'silasxa01','PHI','2011-12',25);
INSERT INTO ROSTER_T VALUES (1149,'smithno01','POR','2011-12',4,1306920);
INSERT INTO ROSTER_T VALUES (1150,'thompkl01','GSW','2011-12',11,2126520);
INSERT INTO ROSTER_T VALUES (1151,'thompmy02','CLE','2011-12',21,168035);
INSERT INTO ROSTER_T VALUES (1152,'waltolu01','LAL','2011-12',4,5680000);
INSERT INTO ROSTER_T (RosterID, PlayerID, TeamID, Season, Jersey) VALUES (1153,'waltolu01','CLE','2011-12',32);
INSERT INTO ROSTER_T VALUES (1154,'wilkida02','DET','2011-12',9,1146337);
INSERT INTO ROSTER_T VALUES (1155,'brewero02','OKC','2012-13',8,1069509);
INSERT INTO ROSTER_T (RosterID, PlayerID, TeamID, Season, Jersey) VALUES (1156,'brewero02','NYK','2012-13',11);
INSERT INTO ROSTER_T VALUES (1157,'bryanko01','LAL','2012-13',24,27849149);
INSERT INTO ROSTER_T VALUES (1158,'crowdja01','DAL','2012-13',9,600491);
INSERT INTO ROSTER_T VALUES (1159,'curryst01','GSW','2012-13',30,3958742);
INSERT INTO ROSTER_T VALUES (1160,'davised01','MEM','2012-13',32,2207040);
INSERT INTO ROSTER_T (RosterID, PlayerID, TeamID, Season, Jersey) VALUES (1161,'davised01','TOR','2012-13',32);
INSERT INTO ROSTER_T VALUES (1162,'dayeau01','MEM','2012-13',5,2958077);
INSERT INTO ROSTER_T (RosterID, PlayerID, TeamID, Season, Jersey) VALUES (1163,'dayeau01','DET','2012-13',5);
INSERT INTO ROSTER_T VALUES (1164,'dunlemi02','MIL','2012-13',17,3750000);
INSERT INTO ROSTER_T VALUES (1165,'garredi02','PHO','2012-13',10,473604);
INSERT INTO ROSTER_T VALUES (1166,'hendege02','CHA','2012-13',25,3101327);
INSERT INTO ROSTER_T VALUES (1167,'henryxa01','NOH','2012-13',4,2323200);
INSERT INTO ROSTER_T VALUES (1168,'higgico01','CHA','2012-13',11,44835);
INSERT INTO ROSTER_T VALUES (1169,'horfoal01','ATL','2012-13',15,12000000);
INSERT INTO ROSTER_T (RosterID, PlayerID, TeamID, Season, Jersey) VALUES (1170,'howarju01','MIA','2012-13',5);
INSERT INTO ROSTER_T VALUES (1171,'jamesle01','MIA','2012-13',6,17545000);
INSERT INTO ROSTER_T VALUES (1172,'loveke01','MIN','2012-13',42,13668750);
INSERT INTO ROSTER_T VALUES (1173,'lucasjo02','TOR','2012-13',5,1500000);
INSERT INTO ROSTER_T VALUES (1174,'martike01','NYK','2012-13',3,437470);
INSERT INTO ROSTER_T VALUES (1175,'matthwe02','POR','2012-13',2,6505320);
INSERT INTO ROSTER_T VALUES (1176,'priceaj01','WAS','2012-13',12,885120);
INSERT INTO ROSTER_T VALUES (1177,'riverau01','NOH','2012-13',25,2238360);
INSERT INTO ROSTER_T VALUES (1178,'smithno01','POR','2012-13',4,1404960);
INSERT INTO ROSTER_T VALUES (1179,'tayloje03','CHA','2012-13',44,575000);
INSERT INTO ROSTER_T VALUES (1180,'templga01','WAS','2012-13',17,572943);
INSERT INTO ROSTER_T VALUES (1181,'thompkl01','GSW','2012-13',11,2286000);
INSERT INTO ROSTER_T VALUES (1182,'waltolu01','CLE','2012-13',4,6091363);
INSERT INTO ROSTER_T VALUES (1183,'wilkida02','PHI','2012-13',8,1223166);
INSERT INTO ROSTER_T VALUES (1184,'brewero02','HOU','2013-14',10,1186459);
INSERT INTO ROSTER_T (RosterID, PlayerID, TeamID, Season, Jersey) VALUES (1185,'brewero02','CHI','2013-14',11);
INSERT INTO ROSTER_T VALUES (1186,'bryanko01','LAL','2013-14',24,30453805);
INSERT INTO ROSTER_T VALUES (1187,'crowdja01','DAL','2013-14',9,788872);
INSERT INTO ROSTER_T (RosterID, PlayerID, TeamID, Season, Jersey) VALUES (1188,'curryse01','CLE','2013-14',31);
INSERT INTO ROSTER_T (RosterID, PlayerID, TeamID, Season, Jersey) VALUES (1189,'curryse01','MEM','2013-14',1);
INSERT INTO ROSTER_T VALUES (1190,'curryst01','GSW','2013-14',30,9887642);
INSERT INTO ROSTER_T VALUES (1191,'davised01','MEM','2013-14',32,3153860);
INSERT INTO ROSTER_T VALUES (1192,'dayeau01','TOR','2013-14',5,947907);
INSERT INTO ROSTER_T (RosterID, PlayerID, TeamID, Season, Jersey) VALUES (1193,'dayeau01','SAS','2013-14',23);
INSERT INTO ROSTER_T VALUES (1194,'dunlemi02','CHI','2013-14',34,3183000);
INSERT INTO ROSTER_T (RosterID, PlayerID, TeamID, Season, Jersey) VALUES (1195,'garredi02','UTA','2013-14',8);
INSERT INTO ROSTER_T VALUES (1196,'hardati02','NYK','2013-14',5,1196760);
INSERT INTO ROSTER_T VALUES (1197,'hendege02','CHA','2013-14',9,6000000);
INSERT INTO ROSTER_T (RosterID, PlayerID, TeamID, Season, Jersey) VALUES (1198,'henryxa01','LAL','2013-14',7);
INSERT INTO ROSTER_T VALUES (1199,'horfoal01','ATL','2013-14',15,12000000);
INSERT INTO ROSTER_T VALUES (1200,'jamesle01','MIA','2013-14',6,19067500);
INSERT INTO ROSTER_T VALUES (1201,'loveke01','MIN','2013-14',42,14693906);
INSERT INTO ROSTER_T VALUES (1202,'lucasjo02','UTA','2013-14',5,1600000);
INSERT INTO ROSTER_T VALUES (1203,'martike01','NYK','2013-14',3,1399507);
INSERT INTO ROSTER_T VALUES (1204,'matthwe02','POR','2013-14',2,6875480);
INSERT INTO ROSTER_T (RosterID, PlayerID, TeamID, Season, Jersey) VALUES (1205,'murpher01','CHI','2013-14',31);
INSERT INTO ROSTER_T (RosterID, PlayerID, TeamID, Season, Jersey) VALUES (1206,'pressph01','BOS','2013-14',26);
INSERT INTO ROSTER_T (RosterID, PlayerID, TeamID, Season, Jersey) VALUES (1207,'priceaj01','MIN','2013-14',22);
INSERT INTO ROSTER_T VALUES (1208,'ricegl02','WAS','2013-14',14,490180);
INSERT INTO ROSTER_T VALUES (1209,'riverau01','NOH','2013-14',25,2339040);
INSERT INTO ROSTER_T VALUES (1210,'tayloje03','CHA','2013-14',44,788872);
INSERT INTO ROSTER_T VALUES (1211,'templga01','WAS','2013-14',17,916099);
INSERT INTO ROSTER_T VALUES (1212,'thompkl01','GSW','2013-14',11,2317920);
INSERT INTO ROSTER_T VALUES (1213,'bryanko01','LAL','2014-15',24,23500000);
INSERT INTO ROSTER_T VALUES (1214,'crowdja01','BOS','2014-15',99,915243);
INSERT INTO ROSTER_T (RosterID, PlayerID, TeamID, Season, Jersey) VALUES (1215,'crowdja01','DAL','2014-15',9);
INSERT INTO ROSTER_T VALUES (1216,'curryse01','PHO','2014-15',10,48028);
INSERT INTO ROSTER_T VALUES (1217,'curryst01','GSW','2014-15',30,10629213);
INSERT INTO ROSTER_T VALUES (1218,'davised01','LAL','2014-15',21,981084);
INSERT INTO ROSTER_T VALUES (1219,'dayeau01','ATL','2014-15',3,125104);
INSERT INTO ROSTER_T VALUES (1220,'dayeau01','SAS','2014-15',23,1063384);
INSERT INTO ROSTER_T VALUES (1221,'drewla02','PHI','2014-15',7,59686);
INSERT INTO ROSTER_T VALUES (1222,'dunlemi02','CHI','2014-15',34,3326235);
INSERT INTO ROSTER_T VALUES (1223,'grantje01','PHI','2014-15',39,884879);
INSERT INTO ROSTER_T VALUES (1224,'hardati02','NYK','2014-15',5,1250640);
INSERT INTO ROSTER_T VALUES (1225,'hendege02','CHA','2014-15',9,6000000);
INSERT INTO ROSTER_T VALUES (1226,'henryxa01','LAL','2014-15',7,1082000);
INSERT INTO ROSTER_T VALUES (1227,'horfoal01','ATL','2014-15',15,12000000);
INSERT INTO ROSTER_T VALUES (1228,'jamesle01','CLE','2014-15',23,20644400);
INSERT INTO ROSTER_T VALUES (1229,'loveke01','CLE','2014-15',0,15719062);
INSERT INTO ROSTER_T VALUES (1230,'lucasjo02','DET','2014-15',9,123827);
INSERT INTO ROSTER_T VALUES (1231,'marblde01','ORL','2014-15',11,884879);
INSERT INTO ROSTER_T VALUES (1232,'martike01','MIL','2014-15',6,414551);
INSERT INTO ROSTER_T VALUES (1233,'matthwe02','POR','2014-15',2,7245640);
INSERT INTO ROSTER_T VALUES (1234,'parkeja01','MIL','2014-15',12,4930560);
INSERT INTO ROSTER_T VALUES (1235,'pressph01','BOS','2014-15',26,816482);
INSERT INTO ROSTER_T VALUES (1236,'priceaj01','PHO','2014-15',1,62552);
INSERT INTO ROSTER_T (RosterID, PlayerID, TeamID, Season, Jersey) VALUES (1237,'priceaj01','CLE','2014-15',21);
INSERT INTO ROSTER_T (RosterID, PlayerID, TeamID, Season, Jersey) VALUES (1238,'priceaj01','IND','2014-15',1);
INSERT INTO ROSTER_T VALUES (1239,'ricegl02','WAS','2014-15',14,400000);
INSERT INTO ROSTER_T VALUES (1240,'riverau01','LAC','2014-15',25,2439840);
INSERT INTO ROSTER_T (RosterID, PlayerID, TeamID, Season, Jersey) VALUES (1241,'riverau01','NOH','2014-15',25);
INSERT INTO ROSTER_T VALUES (1242,'robingl02','PHI','2014-15',1,507336);
INSERT INTO ROSTER_T (RosterID, PlayerID, TeamID, Season, Jersey) VALUES (1243,'robingl02','MIN','2014-15',1);
INSERT INTO ROSTER_T VALUES (1244,'stockda01','SAC','2014-15',9,29843);
INSERT INTO ROSTER_T VALUES (1245,'tayloje03','CHA','2014-15',44,915243);
INSERT INTO ROSTER_T VALUES (1246,'templga01','WAS','2014-15',17,981084);
INSERT INTO ROSTER_T VALUES (1247,'thompkl01','GSW','2014-15',11,3075880);
INSERT INTO ROSTER_T VALUES (1248,'wiggian01','MIN','2014-15',22,5510640);
INSERT INTO ROSTER_T VALUES (1249,'bookede01','PHO','2015-16',1,2127840);
INSERT INTO ROSTER_T VALUES (1250,'bryanko01','LAL','2015-16',24,25000000);
INSERT INTO ROSTER_T VALUES (1251,'crowdja01','BOS','2015-16',99,6000000);
INSERT INTO ROSTER_T VALUES (1252,'curryse01','SAC','2015-16',30,947276);
INSERT INTO ROSTER_T VALUES (1253,'curryst01','GSW','2015-16',30,11370786);
INSERT INTO ROSTER_T VALUES (1254,'davised01','POR','2015-16',17,7000000);
INSERT INTO ROSTER_T VALUES (1255,'dunlemi02','CHI','2015-16',34,4500000);
INSERT INTO ROSTER_T VALUES (1256,'grantje01','PHI','2015-16',39,845059);
INSERT INTO ROSTER_T VALUES (1257,'grantje02','NYK','2015-16',13,1572360);
INSERT INTO ROSTER_T VALUES (1258,'hardati02','ATL','2015-16',10,1304520);
INSERT INTO ROSTER_T VALUES (1259,'hendege02','POR','2015-16',9,6000000);
INSERT INTO ROSTER_T VALUES (1260,'horfoal01','ATL','2015-16',15,12000000);
INSERT INTO ROSTER_T VALUES (1261,'jamesle01','CLE','2015-16',23,22971000);
INSERT INTO ROSTER_T VALUES (1262,'loveke01','CLE','2015-16',0,19500000);
INSERT INTO ROSTER_T VALUES (1263,'marblde01','ORL','2015-16',11,845059);
INSERT INTO ROSTER_T VALUES (1264,'matthwe02','DAL','2015-16',23,16400000);
INSERT INTO ROSTER_T VALUES (1265,'nancela02','LAL','2015-16',7,1155600);
INSERT INTO ROSTER_T VALUES (1266,'parkeja01','MIL','2015-16',12,5152440);
INSERT INTO ROSTER_T VALUES (1267,'pressph01','PHO','2015-16',25,111444);
INSERT INTO ROSTER_T VALUES (1268,'pressph01','PHI','2015-16',26,172739);
INSERT INTO ROSTER_T VALUES (1269,'riverau01','LAC','2015-16',25,3100000);
INSERT INTO ROSTER_T VALUES (1270,'robingl02','IND','2015-16',40,845000);
INSERT INTO ROSTER_T VALUES (1271,'templga01','WAS','2015-16',17,1100602);
INSERT INTO ROSTER_T VALUES (1272,'thompkl01','GSW','2015-16',11,15500000);
INSERT INTO ROSTER_T VALUES (1273,'wiggian01','MIN','2015-16',22,5758680);
INSERT INTO ROSTER_T VALUES (1274,'winslju01','MIA','2015-16',20,2481720);
INSERT INTO ROSTER_T VALUES (1275,'youngjo01','IND','2015-16',1,1000000);
INSERT INTO ROSTER_T VALUES (1276,'bookede01','PHO','2016-17',1,2223600);
INSERT INTO ROSTER_T VALUES (1277,'crowdja01','BOS','2016-17',99,6286408);
INSERT INTO ROSTER_T VALUES (1278,'curryse01','DAL','2016-17',30,2898000);
INSERT INTO ROSTER_T VALUES (1279,'curryst01','GSW','2016-17',30,12112359);
INSERT INTO ROSTER_T VALUES (1280,'davised01','POR','2016-17',17,6666667);
INSERT INTO ROSTER_T VALUES (1281,'dunlemi02','ATL','2016-17',34,4837500);
INSERT INTO ROSTER_T (RosterID, PlayerID, TeamID, Season, Jersey) VALUES (1282,'dunlemi02','CLE','2016-17',3);
INSERT INTO ROSTER_T VALUES (1283,'grantje01','OKC','2016-17',9,980431);
INSERT INTO ROSTER_T (RosterID, PlayerID, TeamID, Season, Jersey) VALUES (1284,'grantje01','PHI','2016-17',39);
INSERT INTO ROSTER_T VALUES (1285,'grantje02','CHI','2016-17',2,1643040);
INSERT INTO ROSTER_T VALUES (1286,'hardati02','ATL','2016-17',10,2281605);
INSERT INTO ROSTER_T VALUES (1287,'hendege02','PHI','2016-17',12,9000000);
INSERT INTO ROSTER_T VALUES (1288,'horfoal01','BOS','2016-17',42,26540100);
INSERT INTO ROSTER_T VALUES (1289,'jamesle01','CLE','2016-17',23,30963450);
INSERT INTO ROSTER_T VALUES (1290,'loveke01','CLE','2016-17',0,21165675);
INSERT INTO ROSTER_T VALUES (1291,'lucasjo02','MIN','2016-17',11,635753);
INSERT INTO ROSTER_T VALUES (1292,'matthwe02','DAL','2016-17',23,17100000);
INSERT INTO ROSTER_T VALUES (1293,'nancela02','LAL','2016-17',7,1207680);
INSERT INTO ROSTER_T VALUES (1294,'parkeja01','MIL','2016-17',12,5374320);
INSERT INTO ROSTER_T VALUES (1295,'paytoga02','MIL','2016-17',0,35166);
INSERT INTO ROSTER_T VALUES (1296,'riverau01','LAC','2016-17',25,11000000);
INSERT INTO ROSTER_T VALUES (1297,'robingl02','IND','2016-17',40,1050500);
INSERT INTO ROSTER_T VALUES (1298,'sabondo01','OKC','2016-17',3,2440200);
INSERT INTO ROSTER_T VALUES (1299,'templga01','SAC','2016-17',17,8000000);
INSERT INTO ROSTER_T VALUES (1300,'thompkl01','GSW','2016-17',11,16663575);
INSERT INTO ROSTER_T VALUES (1301,'wiggian01','MIN','2016-17',22,6006600);
INSERT INTO ROSTER_T VALUES (1302,'winslju01','MIA','2016-17',20,2593440);
INSERT INTO ROSTER_T VALUES (1303,'youngjo01','IND','2016-17',1,1052342);
INSERT INTO ROSTER_T VALUES (1304,'bookede01','PHO','2017-18',1,2319360);
INSERT INTO ROSTER_T VALUES (1305,'crowdja01','UTA','2017-18',99,6796117);
INSERT INTO ROSTER_T (RosterID, PlayerID, TeamID, Season, Jersey) VALUES (1306,'crowdja01','CLE','2017-18',99);
INSERT INTO ROSTER_T VALUES (1307,'curryst01','GSW','2017-18',30,34682550);
INSERT INTO ROSTER_T VALUES (1308,'davised01','POR','2017-18',17,6352531);
INSERT INTO ROSTER_T VALUES (1309,'drewla02','PHI','2017-18',27,74159);
INSERT INTO ROSTER_T VALUES (1310,'drewla02','NOH','2017-18',1,148318);
INSERT INTO ROSTER_T VALUES (1311,'grantje01','OKC','2017-18',9,1524305);
INSERT INTO ROSTER_T VALUES (1312,'grantje02','CHI','2017-18',2,1713840);
INSERT INTO ROSTER_T VALUES (1313,'hardati02','NYK','2017-18',3,16500000);
INSERT INTO ROSTER_T VALUES (1314,'horfoal01','BOS','2017-18',42,27734405);
INSERT INTO ROSTER_T VALUES (1315,'jamesle01','CLE','2017-18',23,33285709);
INSERT INTO ROSTER_T (RosterID, PlayerID, TeamID, Season, Jersey) VALUES (1316,'kornelu01','NYK','2017-18',2);
INSERT INTO ROSTER_T VALUES (1317,'loveke01','CLE','2017-18',0,22642350);
INSERT INTO ROSTER_T VALUES (1318,'matthwe02','DAL','2017-18',23,17884176);
INSERT INTO ROSTER_T VALUES (1319,'nancela02','CLE','2017-18',22,1471382);
INSERT INTO ROSTER_T (RosterID, PlayerID, TeamID, Season, Jersey) VALUES (1320,'nancela02','LAL','2017-18',7);
INSERT INTO ROSTER_T VALUES (1321,'parkeja01','MIL','2017-18',12,6782392);
INSERT INTO ROSTER_T (RosterID, PlayerID, TeamID, Season, Jersey) VALUES (1322,'paytoga02','LAL','2017-18',23);
INSERT INTO ROSTER_T (RosterID, PlayerID, TeamID, Season, Jersey) VALUES (1323,'paytoga02','MIL','2017-18',0);
INSERT INTO ROSTER_T VALUES (1324,'riverau01','LAC','2017-18',25,11825000);
INSERT INTO ROSTER_T VALUES (1325,'robingl02','IND','2017-18',40,1524305);
INSERT INTO ROSTER_T VALUES (1326,'sabondo01','IND','2017-18',11,2550000);
INSERT INTO ROSTER_T VALUES (1327,'silasxa01','BOS','2017-18',9,74159);
INSERT INTO ROSTER_T VALUES (1328,'stockda01','UTA','2017-18',5,192813);
INSERT INTO ROSTER_T VALUES (1329,'templga01','SAC','2017-18',17,8000000);
INSERT INTO ROSTER_T VALUES (1330,'thompkl01','GSW','2017-18',11,17826150);
INSERT INTO ROSTER_T VALUES (1331,'wiggian01','MIN','2017-18',22,7574322);
INSERT INTO ROSTER_T VALUES (1332,'wilkida02','IND','2017-18',12,1016617);
INSERT INTO ROSTER_T VALUES (1333,'winslju01','MIA','2017-18',20,2705040);
INSERT INTO ROSTER_T VALUES (1334,'youngjo01','IND','2017-18',3,1471382);
INSERT INTO ROSTER_T VALUES (1335,'bookede01','PHO','2018-19',1,3314365);
INSERT INTO ROSTER_T VALUES (1336,'brunsja01','DAL','2018-19',13,1230000);
INSERT INTO ROSTER_T VALUES (1337,'crowdja01','UTA','2018-19',99,7305825);
INSERT INTO ROSTER_T VALUES (1338,'curryse01','POR','2018-19',31,2795000);
INSERT INTO ROSTER_T VALUES (1339,'curryst01','GSW','2018-19',30,37457154);
INSERT INTO ROSTER_T VALUES (1340,'davised01','BRK','2018-19',17,4449000);
INSERT INTO ROSTER_T (RosterID, PlayerID, TeamID, Season, Jersey) VALUES (1341,'edwarvi01','HOU','2018-19',12);
INSERT INTO ROSTER_T VALUES (1342,'grantje01','OKC','2018-19',9,8653847);
INSERT INTO ROSTER_T VALUES (1343,'grantje02','ORL','2018-19',22,2639314);
INSERT INTO ROSTER_T VALUES (1344,'hardati02','DAL','2018-19',11,17325000);
INSERT INTO ROSTER_T (RosterID, PlayerID, TeamID, Season, Jersey) VALUES (1345,'hardati02','NYK','2018-19',3);
INSERT INTO ROSTER_T VALUES (1346,'horfoal01','BOS','2018-19',42,28928710);
INSERT INTO ROSTER_T VALUES (1347,'jacksja02','MEM','2018-19',13,5915040);
INSERT INTO ROSTER_T VALUES (1348,'jamesle01','LAL','2018-19',23,35654150);
INSERT INTO ROSTER_T VALUES (1349,'kornelu01','NYK','2018-19',2,1619260);
INSERT INTO ROSTER_T VALUES (1350,'loveke01','CLE','2018-19',0,24119025);
INSERT INTO ROSTER_T VALUES (1351,'matthwe02','IND','2018-19',23,737715);
INSERT INTO ROSTER_T VALUES (1352,'matthwe02','NYK','2018-19',23,18622514);
INSERT INTO ROSTER_T (RosterID, PlayerID, TeamID, Season, Jersey) VALUES (1353,'matthwe02','DAL','2018-19',23);
INSERT INTO ROSTER_T VALUES (1354,'nancela02','CLE','2018-19',22,2272391);
INSERT INTO ROSTER_T VALUES (1355,'parkeja01','WAS','2018-19',12,20000000);
INSERT INTO ROSTER_T (RosterID, PlayerID, TeamID, Season, Jersey) VALUES (1356,'parkeja01','CHI','2018-19',2);
INSERT INTO ROSTER_T VALUES (1357,'paytoga02','WAS','2018-19',4,85458);
INSERT INTO ROSTER_T VALUES (1358,'riverau01','HOU','2018-19',25,1155323);
INSERT INTO ROSTER_T (RosterID, PlayerID, TeamID, Season, Jersey) VALUES (1359,'riverau01','WAS','2018-19',1);
INSERT INTO ROSTER_T VALUES (1360,'robingl02','DET','2018-19',22,4075000);
INSERT INTO ROSTER_T VALUES (1361,'sabondo01','IND','2018-19',11,2659800);
INSERT INTO ROSTER_T VALUES (1362,'templga01','LAC','2018-19',17,8000000);
INSERT INTO ROSTER_T (RosterID, PlayerID, TeamID, Season, Jersey) VALUES (1363,'templga01','MEM','2018-19',17);
INSERT INTO ROSTER_T VALUES (1364,'thompkl01','GSW','2018-19',11,18988725);
INSERT INTO ROSTER_T VALUES (1365,'trentga02','POR','2018-19',9,838464);
INSERT INTO ROSTER_T (RosterID, PlayerID, TeamID, Season, Jersey) VALUES (1366,'washbju01','MEM','2018-19',4);
INSERT INTO ROSTER_T VALUES (1367,'wiggian01','MIN','2018-19',22,25467250);
INSERT INTO ROSTER_T VALUES (1368,'winslju01','MIA','2018-19',20,3448926);
INSERT INTO ROSTER_T (RosterID, PlayerID, TeamID, Season, Jersey) VALUES (1369,'bolbo01','DEN','2019-20',10);
INSERT INTO ROSTER_T VALUES (1370,'bookede01','PHO','2019-20',1,27285000);
INSERT INTO ROSTER_T VALUES (1371,'brunsja01','DAL','2019-20',13,1416852);
INSERT INTO ROSTER_T VALUES (1372,'claxtni01','BRK','2019-20',33,898310);
INSERT INTO ROSTER_T (RosterID, PlayerID, TeamID, Season, Jersey) VALUES (1373,'coffeam01','LAC','2019-20',7);
INSERT INTO ROSTER_T VALUES (1374,'crowdja01','MIA','2019-20',99,7815533);
INSERT INTO ROSTER_T (RosterID, PlayerID, TeamID, Season, Jersey) VALUES (1375,'crowdja01','MEM','2019-20',99);
INSERT INTO ROSTER_T VALUES (1376,'curryse01','DAL','2019-20',30,7461380);
INSERT INTO ROSTER_T VALUES (1377,'curryst01','GSW','2019-20',30,40231758);
INSERT INTO ROSTER_T VALUES (1378,'davised01','UTA','2019-20',17,4767000);
INSERT INTO ROSTER_T VALUES (1379,'garlada01','CLE','2019-20',10,6400920);
INSERT INTO ROSTER_T VALUES (1380,'grantje01','DEN','2019-20',9,9346153);
INSERT INTO ROSTER_T VALUES (1381,'grantje02','WAS','2019-20',22,196288);
INSERT INTO ROSTER_T VALUES (1382,'hardati02','DAL','2019-20',11,18150000);
INSERT INTO ROSTER_T VALUES (1383,'horfoal01','PHI','2019-20',42,28000000);
INSERT INTO ROSTER_T VALUES (1384,'jacksja02','MEM','2019-20',13,6927480);
INSERT INTO ROSTER_T VALUES (1385,'jamesle01','LAL','2019-20',23,37436858);
INSERT INTO ROSTER_T VALUES (1386,'kornelu01','CHI','2019-20',2,2250000);
INSERT INTO ROSTER_T VALUES (1387,'loveke01','CLE','2019-20',0,28942830);
INSERT INTO ROSTER_T VALUES (1388,'matthwe02','MIL','2019-20',9,2564753);
INSERT INTO ROSTER_T VALUES (1389,'nancela02','CLE','2019-20',22,12727273);
INSERT INTO ROSTER_T VALUES (1390,'parkeja01','SAC','2019-20',33,6500000);
INSERT INTO ROSTER_T (RosterID, PlayerID, TeamID, Season, Jersey) VALUES (1391,'parkeja01','ATL','2019-20',5);
INSERT INTO ROSTER_T VALUES (1392,'paytoga02','WAS','2019-20',20,1090781);
INSERT INTO ROSTER_T VALUES (1393,'riverau01','HOU','2019-20',25,2174318);
INSERT INTO ROSTER_T VALUES (1394,'robingl02','PHI','2019-20',40,1882867);
INSERT INTO ROSTER_T (RosterID, PlayerID, TeamID, Season, Jersey) VALUES (1395,'robingl02','GSW','2019-20',22);
INSERT INTO ROSTER_T VALUES (1396,'sabondo01','IND','2019-20',11,3529555);
INSERT INTO ROSTER_T VALUES (1397,'templga01','BRK','2019-20',17,4767000);
INSERT INTO ROSTER_T VALUES (1398,'trentga02','POR','2019-20',9,1416852);
INSERT INTO ROSTER_T VALUES (1399,'wiggian01','GSW','2019-20',22,27504630);
INSERT INTO ROSTER_T (RosterID, PlayerID, TeamID, Season, Jersey) VALUES (1400,'wiggian01','MIN','2019-20',22);
INSERT INTO ROSTER_T (RosterID, PlayerID, TeamID, Season, Jersey) VALUES (1401,'winslju01','MIA','2019-20',20);
INSERT INTO ROSTER_T VALUES (1402,'anthoco01','ORL','2020-21',50,3285120);
INSERT INTO ROSTER_T VALUES (1403,'bolbo01','DEN','2020-21',10,2058240);
INSERT INTO ROSTER_T VALUES (1404,'bookede01','PHO','2020-21',1,29467800);
INSERT INTO ROSTER_T VALUES (1405,'brunsja01','DAL','2020-21',13,1663861);
INSERT INTO ROSTER_T VALUES (1406,'claxtni01','BRK','2020-21',33,1517981);
INSERT INTO ROSTER_T (RosterID, PlayerID, TeamID, Season, Jersey) VALUES (1407,'coffeam01','LAC','2020-21',7);
INSERT INTO ROSTER_T VALUES (1408,'crowdja01','PHO','2020-21',99,9258000);
INSERT INTO ROSTER_T VALUES (1409,'curryse01','PHI','2020-21',31,7834449);
INSERT INTO ROSTER_T VALUES (1410,'curryst01','GSW','2020-21',30,43006362);
INSERT INTO ROSTER_T VALUES (1411,'davised01','MIN','2020-21',17,5005350);
INSERT INTO ROSTER_T VALUES (1412,'garlada01','CLE','2020-21',10,6720720);
INSERT INTO ROSTER_T VALUES (1413,'grantje01','DET','2020-21',9,19050000);
INSERT INTO ROSTER_T VALUES (1414,'hardati02','DAL','2020-21',11,18975000);
INSERT INTO ROSTER_T VALUES (1415,'horfoal01','OKC','2020-21',42,27500000);
INSERT INTO ROSTER_T VALUES (1416,'jacksja02','MEM','2020-21',13,7257360);
INSERT INTO ROSTER_T VALUES (1417,'jamesle01','LAL','2020-21',23,39219566);
INSERT INTO ROSTER_T VALUES (1418,'kornelu01','BOS','2020-21',40,2250000);
INSERT INTO ROSTER_T (RosterID, PlayerID, TeamID, Season, Jersey) VALUES (1419,'kornelu01','CHI','2020-21',2);
INSERT INTO ROSTER_T VALUES (1420,'loveke01','CLE','2020-21',0,31258256);
INSERT INTO ROSTER_T (RosterID, PlayerID, TeamID, Season, Jersey) VALUES (1421,'mannini01','GSW','2020-21',2);
INSERT INTO ROSTER_T VALUES (1422,'martike04','HOU','2020-21',6,898310);
INSERT INTO ROSTER_T VALUES (1423,'matthwe02','LAL','2020-21',9,3623000);
INSERT INTO ROSTER_T VALUES (1424,'nancela02','CLE','2020-21',22,11709091);
INSERT INTO ROSTER_T VALUES (1425,'parkeja01','BOS','2020-21',20,430729);
INSERT INTO ROSTER_T VALUES (1426,'parkeja01','SAC','2020-21',33,6500000);
INSERT INTO ROSTER_T VALUES (1427,'paytoga02','GSW','2020-21',0,233894);
INSERT INTO ROSTER_T VALUES (1428,'riverau01','DEN','2020-21',25,299694);
INSERT INTO ROSTER_T (RosterID, PlayerID, TeamID, Season, Jersey) VALUES (1429,'riverau01','NYK','2020-21',8);
INSERT INTO ROSTER_T VALUES (1430,'robingl02','SAC','2020-21',30,930930);
INSERT INTO ROSTER_T VALUES (1431,'sabondo01','IND','2020-21',11,19800000);
INSERT INTO ROSTER_T VALUES (1432,'templga01','CHI','2020-21',17,4767000);
INSERT INTO ROSTER_T VALUES (1433,'trentga02','TOR','2020-21',33,1663861);
INSERT INTO ROSTER_T (RosterID, PlayerID, TeamID, Season, Jersey) VALUES (1434,'trentga02','POR','2020-21',2);
INSERT INTO ROSTER_T VALUES (1435,'wiggian01','GSW','2020-21',22,29542010);
INSERT INTO ROSTER_T VALUES (1436,'nembhrj01','CLE','2021-22',5,58493);
INSERT INTO ROSTER_T VALUES (1437,'nancepe01','CLE','2023-24',8,64343);
INSERT INTO ROSTER_T VALUES (1438,'kornelu01','CLE','2021-22',12,102831);
INSERT INTO ROSTER_T VALUES (1439,'kornelu01','MIL','2021-22',35,102831);
INSERT INTO ROSTER_T VALUES (1440,'coffeam01','LAC','2021-22',7,153488);
INSERT INTO ROSTER_T VALUES (1441,'kornelu01','BOS','2021-22',40,606702);
INSERT INTO ROSTER_T VALUES (1442,'washidu02','IND','2021-22',4,950000);
INSERT INTO ROSTER_T VALUES (1443,'walkeja01','POR','2022-23',34,1017781);
INSERT INTO ROSTER_T VALUES (1444,'jackstr02','GSW','2023-24',32,1119563);
INSERT INTO ROSTER_T VALUES (1445,'parkeja01','BOS','2021-22',20,1168288);
INSERT INTO ROSTER_T VALUES (1446,'martike04','HOU','2021-22',6,1517981);
INSERT INTO ROSTER_T VALUES (1447,'walkeja01','POR','2023-24',34,1719864);
INSERT INTO ROSTER_T VALUES (1448,'claxtni01','BRK','2021-22',33,1782621);
INSERT INTO ROSTER_T VALUES (1449,'martike04','HOU','2022-23',6,1782621);
INSERT INTO ROSTER_T VALUES (1450,'brunsja01','DAL','2021-22',13,1802057);
INSERT INTO ROSTER_T VALUES (1451,'matthwe02','MIL','2022-23',23,1836090);
INSERT INTO ROSTER_T VALUES (1452,'riverau01','MIN','2022-23',25,1836090);
INSERT INTO ROSTER_T VALUES (1453,'martike04','PHI','2023-24',1,1930681);
INSERT INTO ROSTER_T VALUES (1454,'paytoga02','GSW','2021-22',0,1939350);
INSERT INTO ROSTER_T VALUES (1455,'matthwe02','MIL','2021-22',9,1958501);
INSERT INTO ROSTER_T VALUES (1456,'bolbo01','PHO','2023-24',11,2019706);
INSERT INTO ROSTER_T VALUES (1457,'crowdja01','MIL','2023-24',99,2019706);
INSERT INTO ROSTER_T VALUES (1458,'matthwe02','ATL','2023-24',32,2019706);
INSERT INTO ROSTER_T VALUES (1459,'templga01','TOR','2023-24',14,2019706);
INSERT INTO ROSTER_T VALUES (1460,'kornelu01','BOS','2022-23',40,2133278);
INSERT INTO ROSTER_T VALUES (1461,'bolbo01','ORL','2022-23',10,2200000);
INSERT INTO ROSTER_T VALUES (1462,'riverau01','DEN','2021-22',25,2401537);
INSERT INTO ROSTER_T VALUES (1463,'kornelu01','BOS','2023-24',40,2413304);
INSERT INTO ROSTER_T VALUES (1464,'davised01','CLE','2021-22',21,2641691);
INSERT INTO ROSTER_T VALUES (1465,'loveke01','MIA','2022-23',42,3114138);
INSERT INTO ROSTER_T VALUES (1466,'coffeam01','LAC','2022-23',7,3395062);
INSERT INTO ROSTER_T VALUES (1467,'anthoco01','ORL','2021-22',50,3449400);
INSERT INTO ROSTER_T VALUES (1468,'griffaj01','ATL','2022-23',14,3536160);
INSERT INTO ROSTER_T VALUES (1469,'anthoco01','ORL','2022-23',50,3613680);
INSERT INTO ROSTER_T VALUES (1470,'coffeam01','LAC','2023-24',7,3666667);
INSERT INTO ROSTER_T VALUES (1471,'griffaj01','ATL','2023-24',14,3712920);
INSERT INTO ROSTER_T VALUES (1472,'loveke01','MIA','2023-24',42,3835738);
INSERT INTO ROSTER_T VALUES (1473,'winslju01','POR','2021-22',26,3902439);
INSERT INTO ROSTER_T VALUES (1474,'curryse01','CHA','2023-24',30,4000000);
INSERT INTO ROSTER_T VALUES (1475,'winslju01','POR','2022-23',26,4097561);
INSERT INTO ROSTER_T VALUES (1476,'davisjo06','WAS','2022-23',1,4810320);
INSERT INTO ROSTER_T VALUES (1477,'templga01','NOH','2021-22',41,4910000);
INSERT INTO ROSTER_T VALUES (1478,'howarje01','ORL','2023-24',13,5026800);
INSERT INTO ROSTER_T VALUES (1479,'davisjo06','WAS','2023-24',1,5050800);
INSERT INTO ROSTER_T VALUES (1480,'templga01','NOH','2022-23',41,5155500);
INSERT INTO ROSTER_T VALUES (1481,'anthoco01','ORL','2023-24',50,5539771);
INSERT INTO ROSTER_T VALUES (1482,'garlada01','CLE','2021-22',10,7040880);
INSERT INTO ROSTER_T VALUES (1483,'curryse01','BRK','2021-22',30,8207518);
INSERT INTO ROSTER_T VALUES (1484,'paytoga02','GSW','2022-23',0,8300000);
INSERT INTO ROSTER_T VALUES (1485,'curryse01','BRK','2022-23',30,8496653);
INSERT INTO ROSTER_T VALUES (1486,'claxtni01','BRK','2022-23',33,8500000);
INSERT INTO ROSTER_T VALUES (1487,'paytoga02','GSW','2023-24',8,8715000);
INSERT INTO ROSTER_T VALUES (1488,'smithja05','HOU','2022-23',1,8882640);
INSERT INTO ROSTER_T VALUES (1489,'garlada01','CLE','2022-23',10,8920795);
INSERT INTO ROSTER_T VALUES (1490,'jacksja02','MEM','2021-22',13,9180560);
INSERT INTO ROSTER_T VALUES (1491,'smithja05','HOU','2023-24',1,9326520);
INSERT INTO ROSTER_T VALUES (1492,'claxtni01','BRK','2023-24',33,9625000);
INSERT INTO ROSTER_T VALUES (1493,'nancela02','NOH','2022-23',22,9672727);
INSERT INTO ROSTER_T VALUES (1494,'crowdja01','PHO','2021-22',99,9720900);
INSERT INTO ROSTER_T VALUES (1495,'horfoal01','BOS','2023-24',42,10000000);
INSERT INTO ROSTER_T VALUES (1496,'crowdja01','MIL','2022-23',99,10183800);
INSERT INTO ROSTER_T VALUES (1497,'nancela02','NOH','2023-24',22,10375000);
INSERT INTO ROSTER_T VALUES (1498,'nancela02','NOH','2021-22',22,10690909);
INSERT INTO ROSTER_T VALUES (1499,'winslju01','MEM','2020-21',7,13000000);
INSERT INTO ROSTER_T VALUES (1500,'trentga02','TOR','2021-22',33,16000000);
INSERT INTO ROSTER_T VALUES (1501,'trentga02','TOR','2022-23',33,17505000);
INSERT INTO ROSTER_T VALUES (1502,'hardati02','DAL','2023-24',10,17897728);
INSERT INTO ROSTER_T VALUES (1503,'sabondo01','SAC','2021-22',10,18500000);
INSERT INTO ROSTER_T VALUES (1504,'sabondo01','SAC','2022-23',10,18500000);
INSERT INTO ROSTER_T VALUES (1505,'trentga02','TOR','2023-24',33,18560000);
INSERT INTO ROSTER_T VALUES (1506,'hardati02','DAL','2022-23',11,19602273);
INSERT INTO ROSTER_T VALUES (1507,'grantje01','DET','2021-22',9,20002500);
INSERT INTO ROSTER_T VALUES (1508,'grantje01','POR','2022-23',9,20955000);
INSERT INTO ROSTER_T VALUES (1509,'hardati02','DAL','2021-22',11,21306816);
INSERT INTO ROSTER_T VALUES (1510,'wiggian01','GSW','2023-24',22,24330357);
INSERT INTO ROSTER_T VALUES (1511,'brunsja01','NYK','2023-24',11,26346666);
INSERT INTO ROSTER_T VALUES (1512,'horfoal01','BOS','2022-23',42,26500000);
INSERT INTO ROSTER_T VALUES (1513,'horfoal01','BOS','2021-22',42,27000000);
INSERT INTO ROSTER_T VALUES (1514,'jacksja02','MEM','2023-24',13,27102202);
INSERT INTO ROSTER_T VALUES (1515,'loveke01','CLE','2022-23',0,27442830);
INSERT INTO ROSTER_T VALUES (1516,'grantje01','POR','2023-24',9,27586207);
INSERT INTO ROSTER_T VALUES (1517,'brunsja01','NYK','2022-23',11,27733332);
INSERT INTO ROSTER_T VALUES (1518,'jacksja02','MEM','2022-23',13,28946605);
INSERT INTO ROSTER_T VALUES (1519,'sabondo01','SAC','2023-24',10,30600000);
INSERT INTO ROSTER_T VALUES (1520,'loveke01','CLE','2021-22',0,31258256);
INSERT INTO ROSTER_T VALUES (1521,'wiggian01','GSW','2021-22',22,31579390);
INSERT INTO ROSTER_T VALUES (1522,'bookede01','PHO','2021-22',1,31650600);
INSERT INTO ROSTER_T VALUES (1523,'wiggian01','GSW','2022-23',22,33616770);
INSERT INTO ROSTER_T VALUES (1524,'bookede01','PHO','2022-23',1,33833400);
INSERT INTO ROSTER_T VALUES (1525,'garlada01','CLE','2023-24',10,34005250);
INSERT INTO ROSTER_T VALUES (1526,'bookede01','PHO','2023-24',1,36016200);
INSERT INTO ROSTER_T VALUES (1527,'thompkl01','GSW','2021-22',11,37980720);
INSERT INTO ROSTER_T VALUES (1528,'thompkl01','GSW','2022-23',11,40600080);
INSERT INTO ROSTER_T VALUES (1529,'jamesle01','LAL','2021-22',23,41180544);
INSERT INTO ROSTER_T VALUES (1530,'thompkl01','GSW','2023-24',11,43219440);
INSERT INTO ROSTER_T VALUES (1531,'jamesle01','LAL','2022-23',6,44474988);
INSERT INTO ROSTER_T VALUES (1532,'curryst01','GSW','2021-22',30,45780966);
INSERT INTO ROSTER_T VALUES (1533,'jamesle01','LAL','2023-24',23,47607350);
INSERT INTO ROSTER_T VALUES (1534,'curryst01','GSW','2022-23',30,48070014);
INSERT INTO ROSTER_T VALUES (1535,'curryst01','GSW','2023-24',30,51915615);
INSERT INTO ROSTER_T (RosterID, PlayerID, TeamID, Season, Jersey) VALUES (1536,'bolbo01','DEN','2021-22',10);
INSERT INTO ROSTER_T (RosterID, PlayerID, TeamID, Season, Jersey) VALUES (1537,'curryse01','PHI','2021-22',31);
INSERT INTO ROSTER_T (RosterID, PlayerID, TeamID, Season, Jersey) VALUES (1538,'nancela02','POR','2021-22',11);
INSERT INTO ROSTER_T (RosterID, PlayerID, TeamID, Season, Jersey) VALUES (1539,'sabondo01','IND','2021-22',11);
INSERT INTO ROSTER_T (RosterID, PlayerID, TeamID, Season, Jersey) VALUES (1540,'winslju01','LAC','2021-22',20);
INSERT INTO ROSTER_T (RosterID, PlayerID, TeamID, Season, Jersey) VALUES (1541,'harpero02','TOR','2022-23',8);
INSERT INTO ROSTER_T (RosterID, PlayerID, TeamID, Season, Jersey) VALUES (1542,'paytoga02','POR','2022-23',0);
INSERT INTO ROSTER_T (RosterID, PlayerID, TeamID, Season, Jersey) VALUES (1543,'pippesc02','LAL','2022-23',14);
INSERT INTO ROSTER_T (RosterID, PlayerID, TeamID, Season, Jersey) VALUES (1544,'washidu02','PHO','2022-23',4);
INSERT INTO ROSTER_T (RosterID, PlayerID, TeamID, Season, Jersey) VALUES (1545,'curryse01','DAL','2023-24',30);
INSERT INTO ROSTER_T (RosterID, PlayerID, TeamID, Season, Jersey) VALUES (1546,'harpero02','TOR','2023-24',8);
INSERT INTO ROSTER_T (RosterID, PlayerID, TeamID, Season, Jersey) VALUES (1547,'martike04','LAC','2023-24',6);
INSERT INTO ROSTER_T (RosterID, PlayerID, TeamID, Season, Jersey) VALUES (1548,'pippesc02','MEM','2023-24',1);
INSERT INTO ROSTER_T (RosterID, PlayerID, TeamID, Season, Jersey) VALUES (1549,'anthoco01','ORL','2024-25',50);
INSERT INTO ROSTER_T (RosterID, PlayerID, TeamID, Season, Jersey) VALUES (1550,'bolbo01','PHO','2024-25',11);
INSERT INTO ROSTER_T (RosterID, PlayerID, TeamID, Season, Jersey) VALUES (1551,'bookede01','PHO','2024-25',1);
INSERT INTO ROSTER_T (RosterID, PlayerID, TeamID, Season, Jersey) VALUES (1552,'brunsja01','NYK','2024-25',11);
INSERT INTO ROSTER_T (RosterID, PlayerID, TeamID, Season, Jersey) VALUES (1553,'claxtni01','BRK','2024-25',33);
INSERT INTO ROSTER_T (RosterID, PlayerID, TeamID, Season, Jersey) VALUES (1554,'coffeam01','LAC','2024-25',7);
INSERT INTO ROSTER_T (RosterID, PlayerID, TeamID, Season, Jersey) VALUES (1555,'curryse01','CHA','2024-25',30);
INSERT INTO ROSTER_T (RosterID, PlayerID, TeamID, Season, Jersey) VALUES (1556,'curryst01','GSW','2024-25',30);
INSERT INTO ROSTER_T (RosterID, PlayerID, TeamID, Season, Jersey) VALUES (1557,'davisjo06','WAS','2024-25',1);
INSERT INTO ROSTER_T (RosterID, PlayerID, TeamID, Season, Jersey) VALUES (1558,'garlada01','CLE','2024-25',10);
INSERT INTO ROSTER_T (RosterID, PlayerID, TeamID, Season, Jersey) VALUES (1559,'grantje01','POR','2024-25',9);
INSERT INTO ROSTER_T (RosterID, PlayerID, TeamID, Season, Jersey) VALUES (1560,'hardati02','DET','2024-25',8);
INSERT INTO ROSTER_T (RosterID, PlayerID, TeamID, Season, Jersey) VALUES (1561,'horfoal01','BOS','2024-25',42);
INSERT INTO ROSTER_T (RosterID, PlayerID, TeamID, Season, Jersey) VALUES (1562,'howarje01','ORL','2024-25',13);
INSERT INTO ROSTER_T (RosterID, PlayerID, TeamID, Season, Jersey) VALUES (1563,'jacksja02','MEM','2024-25',13);
INSERT INTO ROSTER_T (RosterID, PlayerID, TeamID, Season, Jersey) VALUES (1564,'jackstr02','GSW','2024-25',32);
INSERT INTO ROSTER_T (RosterID, PlayerID, TeamID, Season, Jersey) VALUES (1565,'jamesbr02','LAL','2024-25',9);
INSERT INTO ROSTER_T (RosterID, PlayerID, TeamID, Season, Jersey) VALUES (1566,'jamesle01','LAL','2024-25',23);
INSERT INTO ROSTER_T (RosterID, PlayerID, TeamID, Season, Jersey) VALUES (1567,'kornelu01','BOS','2024-25',40);
INSERT INTO ROSTER_T (RosterID, PlayerID, TeamID, Season, Jersey) VALUES (1568,'loveke01','MIA','2024-25',42);
INSERT INTO ROSTER_T (RosterID, PlayerID, TeamID, Season, Jersey) VALUES (1569,'martike04','PHI','2024-25',1);
INSERT INTO ROSTER_T (RosterID, PlayerID, TeamID, Season, Jersey) VALUES (1570,'nancela02','ATL','2024-25',22);
INSERT INTO ROSTER_T (RosterID, PlayerID, TeamID, Season, Jersey) VALUES (1571,'paytoga02','GSW','2024-25',0);
INSERT INTO ROSTER_T (RosterID, PlayerID, TeamID, Season, Jersey) VALUES (1572,'pippesc02','MEM','2024-25',1);
INSERT INTO ROSTER_T (RosterID, PlayerID, TeamID, Season, Jersey) VALUES (1573,'sabondo01','SAC','2024-25',11);
INSERT INTO ROSTER_T (RosterID, PlayerID, TeamID, Season, Jersey) VALUES (1574,'sheppre01','HOU','2024-25',15);
INSERT INTO ROSTER_T (RosterID, PlayerID, TeamID, Season, Jersey) VALUES (1575,'smithja05','HOU','2024-25',10);
INSERT INTO ROSTER_T (RosterID, PlayerID, TeamID, Season, Jersey) VALUES (1576,'templga01','TOR','2024-25',17);
INSERT INTO ROSTER_T (RosterID, PlayerID, TeamID, Season, Jersey) VALUES (1577,'thompkl01','DAL','2024-25',31);
INSERT INTO ROSTER_T (RosterID, PlayerID, TeamID, Season, Jersey) VALUES (1578,'trentga02','MIL','2024-25',5);
INSERT INTO ROSTER_T (RosterID, PlayerID, TeamID, Season, Jersey) VALUES (1579,'walkeja01','POR','2024-25',34);
INSERT INTO ROSTER_T (RosterID, PlayerID, TeamID, Season, Jersey) VALUES (1580,'wiggian01','GSW','2024-25',22);